record_id,batch,continent,zone,item_name,item_category,slot,equippable,inventory_only,magic,lore,no_drop,quest_item,weight,size,classes_classic,races_classic,stats_raw,damage,delay,weapon_skill,proc_click_focus,source_npc,source_npc_level,source_npc_class,source_npc_race_type,placeholder,placeholder_level_range,nearby_enemy_level_range,spawn_type,spawn_location,respawn_timer,time_condition,special_abilities,social_or_add_risk,faction_consequences,drop_frequency,drop_rate_reported,drop_notes,era_status,tlp_status,legends_status,best_for_classes,best_for_archetypes,general_value_notes,personal_build_notes,effect_transfer_value,target_priority_general,duplicate_item_group,inclusion_reason,source_scope,core_or_supplemental,data_confidence,source_primary,source_secondary,research_notes,approved,revision,stats_classic,stats_eql,classes_eql,races_eql,source_npc_level_classic,source_npc_level_eql,eql_verification_status,eql_audit_action,eql_npc_confirmed,eql_item_confirmed,eql_drop_source_confirmed,eql_stats_match,eql_classes_match,eql_races_match,eql_effect_match,eql_spawn_match,eql_era_status,eql_wiki_source,eql_official_source,eql_last_checked,eql_changes_summary,eql_verification_notes,official_override_status,official_source_checked,eql_wiki_listing_status,eql_wiki_verification_state,current_build_confirmed,evidence_grade,evidence_strength,conflict_status,classic_original_launch,classic_historical_era,last_directly_observed,primary_evidence_layer,per_field_provenance_notes,schema_version,record_type,record_status,source_record_id,canonical_record_id,parent_record_id,related_record_ids,display_default,searchable,record_notes,faction_risk_level,faction_hits_known,faction_gains_known,city_access_risk,merchant_access_risk,quest_access_risk,initial_disposition,protected_npc_type,faction_behavior_notes,creature_family,creature_subfamily,normalized_source_name,source_name_aliases,shared_loot_family,family_faction,family_hostility,family_zone_scope,source_variant_notes,zone_type,zone_subarea,zone_wing,zone_floor,camp_or_room,location_coordinates,location_description,navigation_notes,escape_or_exit_risk,environmental_hazards,encounter_name,encounter_type,encounter_tier,encounter_group_size,encounter_raid_size,encounter_difficulty,encounter_trigger,encounter_scripted,encounter_phases,encounter_adds,encounter_failure_condition,encounter_reset_behavior,encounter_notes,placeholder_npc,placeholder_cycle,spawn_probability,spawn_count,spawn_window,respawn_variance,despawn_condition,spawn_dependencies,spawn_guaranteed,spawn_mechanics_notes,instance_status,instance_type,instance_name,instance_entry_method,instance_reuse_timer,loot_lockout_type,loot_lockout_duration,lockout_scope,lockout_applies_per_npc,lockout_applies_per_instance,lockout_bypass_conditions,instance_notes,loot_delivery_method,loot_container_name,loot_table_name,loot_table_tier,loot_pool_type,loot_roll_type,loot_quantity_min,loot_quantity_max,loot_slots_reported,loot_selection_behavior,shared_loot_notes,currency_drop,loot_delivery_notes,drop_rate_type,drop_rate_numerator,drop_rate_denominator,drop_rate_sample_size,drop_rate_pool_probability,drop_rate_item_probability,drop_rate_source,drop_rate_confidence,drop_rate_conditions,access_requirement,access_key_item,access_key_consumed,access_quest,minimum_recommended_level,minimum_group_size,minimum_raid_size,class_role_requirements,door_or_lock_requirement,levitation_required,underwater_required,resist_requirements,corpse_recovery_difficulty,bind_or_reentry_notes,access_notes,encounter_hp,encounter_ac,damage_per_hit_min,damage_per_hit_max,attacks_per_round,aoe_effects,single_target_effects,debuffs,summons_players,enrages,rampage,flurry,banishes,mem_blur,charm,fear,death_touch,resist_profile,immunity_profile,combat_mechanics_notes,raid_target,raid_classification,raid_progression_role,raid_prerequisite,contested_status,racing_or_engagement_rules,racing_line,open_world_competition,recommended_composition,raid_notes,quest_name,quest_step,quest_role,epic_class,progression_category,required_for_access,required_for_spawn,required_for_turn_in,reward_type,quest_dependency_notes,content_availability,availability_context,availability_start,availability_end,availability_condition,beta_availability_status,launch_availability_status,instance_availability_status,compatibility_action,compatibility_reason,custom_tags,alternate_names,content_group_id,data_extension_json
B17-CRU-001,17,,Crushbone,Orc Hatchet,,Primary; Secondary,,,,,,,,,,,,,,,,Orc Pawn (Crushbone),,,,,,,,,,,,,,,,,,,,,,,,,,,"Notable Crushbone equipment, quest component, access item, or documented shared source.",,Core,,,,,Yes,1,,,,,,,,Add,,,,,,,,,,,,2026-07-27,,,,,,,,C,Current EQL exact NPC/item or current zone-table relationship.,None identified,,,,Official EQL update + Current EQL Wiki,,EQL-LOOT-1.0,loot,Active,,B17-CRU-001,,,Yes,Yes,,,,,,,,,,,Orc,Crushbone Orc Pawn,Orc Pawn (Crushbone),,,Crushbone Orcs,Hostile,,,Indoor/Outdoor Dungeon Compound,,,,,,,,,,,,,,,,,,,,,,,,,,,,,,,,,Open World,Open World,,,,,,,,,,,NPC Corpse,,,,,,,,,,,,,,,,,,,,,,,,,,,,,,,,,,,,,,,,,,,,,,,,,,,,,,,,,No,,,,,,,,,,,,,,,,,,,,Available,,,,,Confirmed,Unconfirmed,,,,,,B17-CRU-OUTER,
B17-CRU-002,17,,Crushbone,Crushbone Belt,,,,,,,,Yes,,,,,,,,,,Orc Centurion (Crushbone),,,,,,,,,,,,,,,,,,,,,,,,,,,"Notable Crushbone equipment, quest component, access item, or documented shared source.",,Core,,,,,Yes,1,,,,,,,,Add,,,,,,,,,,,,2026-07-27,,,,,,,,C,Current EQL exact NPC/item or current zone-table relationship.,None identified,,,,Official EQL update + Current EQL Wiki,,EQL-LOOT-1.0,loot,Active,,B17-CRU-002,,,Yes,Yes,,,,,,,,,,,Orc,Crushbone Orc Centurion,Orc Centurion (Crushbone),,,Crushbone Orcs,Hostile,,,Indoor/Outdoor Dungeon Compound,,,,,,,,,,,,,,,,,,,,,,,,,,,,,,,,,Open World,Open World,,,,,,,,,,,NPC Corpse,,,,,,,,,,,,,,,,,,28%,,,,,,,,,,,,,,,,,,,,,,,,,,,,,,,,,,,,,,,No,,,,,,,,,,,,Dropped Component,,,,,,,,Available,,,,,Confirmed,Unconfirmed,,,,,,B17-CRU-OUTER,
B17-CRU-003,17,,Crushbone,Crushbone Belt,,,,,,,,Yes,,,,,,,,,,Orc Oracle — Classic Population,,,,,,,,,,,,,,,,,,,,,,,,,,,"Notable Crushbone equipment, quest component, access item, or documented shared source.",,Core,,,,,Yes,1,,,,,,,,Add,,,,,,,,,,,,2026-07-27,,,,,,,,C,Current EQL exact NPC/item or current zone-table relationship.,None identified,,,,Official EQL update + Current EQL Wiki,,EQL-LOOT-1.0,loot,Active,,B17-CRU-003,,,Yes,Yes,,,,,,,,,,,Orc,Crushbone Oracle — Classic Population,Orc Oracle — Classic Population,,,Crushbone Orcs,Hostile,,,Indoor/Outdoor Dungeon Compound,,,,,,,,,,,,,,,,,,,,,,,,,,,,,,,,,Open World,Open World,,,,,,,,,,,NPC Corpse,,,,,,,,,,,,,,,,,,,,,,,,,,,,,,,,,,,,,,,,,,,,,,,,,,,,,,,,,No,,,,,,,,,,,,Dropped Component,,,,,,,,Available,,,,,Confirmed,Unconfirmed,,,,,,B17-CRU-OUTER,
B17-CRU-004,17,,Crushbone,Illegible Scroll,Spell Research / Quest,,,,,,,,,,,,,,,,,Orc Oracle — Classic Population,,,,,,,,,,,,,,,,,,,,,,,,,,,"Notable Crushbone equipment, quest component, access item, or documented shared source.",,Core,,,,,Yes,1,,,,,,,,Add,,,,,,,,,,,,2026-07-27,,,,,,,,C,Current EQL exact NPC/item or current zone-table relationship.,None identified,,,,Official EQL update + Current EQL Wiki,,EQL-LOOT-1.0,loot,Active,,B17-CRU-004,,,No,Yes,,,,,,,,,,,Orc,,Orc Oracle — Classic Population,,,Crushbone Orcs,Hostile,,,Indoor/Outdoor Dungeon Compound,,,,,,,,,,,,,,,,,,,,,,,,,,,,,,,,,Open World,Open World,,,,,,,,,,,NPC Corpse,,,,,,,,,,,,,,,,,,,,,,,,,,,,,,,,,,,,,,,,,,,,,,,,,,,,,,,,,No,,,,,,,,,,,,,,,,,,,,Available,,,,,Confirmed,Unconfirmed,,,,,,B17-CRU-OUTER,
B17-CRU-005,17,,Crushbone,Legionnaire's Bracer,,Wrist,,,,,,,,,,,,,,,,Orc Legionnaire (Crushbone),,,,,,,,,,,,,,,,,,,,,,,,,,,"Notable Crushbone equipment, quest component, access item, or documented shared source.",,Core,,,,,Yes,1,,,,,,,,Add,,,,,,,,,,,,2026-07-27,,,,,,,,C,Current EQL exact NPC/item or current zone-table relationship.,None identified,,,,Official EQL update + Current EQL Wiki,,EQL-LOOT-1.0,loot,Active,,B17-CRU-005,,,Yes,Yes,,,,,,,,,,,Orc,Crushbone Orc Legionnaire,Orc Legionnaire (Crushbone),,,Crushbone Orcs,Hostile,,,Indoor/Outdoor Dungeon Compound,,,,,,,,,,,,,,,,,,,,,,,,,,,,,,,,,Open World,Open World,,,,,,,,,,,NPC Corpse,,,,,,,,,,,,,,,,,,,,,,,,,,,,,,,,,,,,,,,,,,,,,,,,,,,,,,,,,No,,,,,,,,,,,,,,,,,,,,Available,,,,,Confirmed,Unconfirmed,,,,,,B17-CRU-TRAIN,
B17-CRU-006,17,,Crushbone,Crushbone Shoulderpads,,Shoulders,,,,,,,,,,,,,,,,Orc Emissary; Orc Legionnaire; Orc Warlord,,,,,,,,,,,,,,,,,,,,,,,,,,,"Notable Crushbone equipment, quest component, access item, or documented shared source.",Documented Crushbone populations,Core,,,,,Yes,1,,,,,,,,Add,,,,,,,,,,,,2026-07-27,,,,,,,,C,Current EQL exact NPC/item or current zone-table relationship.,None identified,,,,Official EQL update + Current EQL Wiki,,EQL-LOOT-1.0,loot,Active,,B17-CRU-006,,,Yes,Yes,,,,,,,,,,,Orc,,Orc Emissary; Orc Legionnaire; Orc Warlord,,Crushbone upper-tier orc table,Crushbone Orcs,Hostile,,,Indoor/Outdoor Dungeon Compound,,,,,,,,,,,,,,,,,,,,,,,,,,,,,,,,,Open World,Open World,,,,,,,,,,,NPC Corpse,,,,,,,,,,,,,,,,,,,,,,,,,,,,,,,,,,,,,,,,,,,,,,,,,,,,,,,,,No,,,,,,,,,,,,,,,,,,,,Available,,,,,Confirmed,Unconfirmed,,,,,,B17-CRU-TRAIN,
B17-CRU-007,17,,Crushbone,Brass Earring,,Ear,,,,,,,,,,,,,,,,Orc Taskmaster,,,,,,,,,,,,,,,,,,,,,,,,,,,"Notable Crushbone equipment, quest component, access item, or documented shared source.",,Core,,,,,Yes,1,,,,,,,,Add,,,,,,,,,,,,2026-07-27,,,,,,,,C,Current EQL exact NPC/item or current zone-table relationship.,None identified,,,,Official EQL update + Current EQL Wiki,,EQL-LOOT-1.0,loot,Active,,B17-CRU-007,,,Yes,Yes,,,,,,,,,,,Orc,,Orc Taskmaster,,,Crushbone Orcs,Hostile,,,Indoor/Outdoor Dungeon Compound,,,,,,,,,,,,,,,,,,,,,,,,,,,,,,,,,Open World,Open World,,,,,,,,,,,NPC Corpse,,,,,,,,,,,,,,,,,,,,,,,,,,,,,,,,,,,,,,,,,,,,,,,,,,,,,,,,,No,,,,,,,,,,,,,,,,,,,,Available,,,,,Confirmed,Unconfirmed,,,,,,B17-CRU-PIT,
B17-CRU-008,17,,Crushbone,Leather Whip,,Primary; Secondary,,,,,,,,,,,,,,,,Orc Taskmaster,,,,,,,,,,,,,,,,,,,,,,,,,,,"Notable Crushbone equipment, quest component, access item, or documented shared source.",,Core,,,,,Yes,1,,,,,,,,Add,,,,,,,,,,,,2026-07-27,,,,,,,,C,Current EQL exact NPC/item or current zone-table relationship.,None identified,,,,Official EQL update + Current EQL Wiki,,EQL-LOOT-1.0,loot,Active,,B17-CRU-008,,,Yes,Yes,,,,,,,,,,,Orc,,Orc Taskmaster,,,Crushbone Orcs,Hostile,,,Indoor/Outdoor Dungeon Compound,,,,,,,,,,,,,,,,,,,,,,,,,,,,,,,,,Open World,Open World,,,,,,,,,,,NPC Corpse,,,,,,,,,,,,,,,,,,,,,,,,,,,,,,,,,,,,,,,,,,,,,,,,,,,,,,,,,No,,,,,,,,,,,,,,,,,,,,Available,,,,,Confirmed,Unconfirmed,,,,,,B17-CRU-PIT,
B17-CRU-009,17,,Crushbone,Rib-bone Stiletto,,Primary; Secondary,,,,,,,,,,,,4,18,,,Bloodgurgler,,,,,,,,,,,,,,,,,,,,,,,,,,,"Notable Crushbone equipment, quest component, access item, or documented shared source.",,Core,,,,,Yes,1,,STR 1; AGI 1; DEX 1,,,,,,Add,,,,,,,,,,,,2026-07-27,,,,,,,,C,Current EQL exact NPC/item or current zone-table relationship.,None identified,,,,Official EQL update + Current EQL Wiki,,EQL-LOOT-1.0,loot,Active,,B17-CRU-009,,,Yes,Yes,,,,,,,,,,,Orc,,Bloodgurgler,,,Crushbone Orcs,Hostile,,,Indoor/Outdoor Dungeon Compound,,,,,,,,,,,,,,,,,,,,,,,,,,,,,,,,,Open World,Open World,,,,,,,,,,,NPC Corpse,,,,,,,,,,,,,,,,,,,,,,,,,,,,,,,,,,,,,,,,,,,,,,,,,,,,,,,,,No,,,,,,,,,,,,,,,,,,,,Available,,,,,Confirmed,Unconfirmed,,,,,,B17-CRU-PIT,
B17-CRU-010,17,,Crushbone,Spiky Splintmail,,Chest,,,,,,,,,,,,,,,Click/Effect: Shield of Fire,Bloodgurgler,,,,,,,,,,,,,,,,,,,,,,,,,,,"Notable Crushbone equipment, quest component, access item, or documented shared source.",,Core,,,,,Yes,1,,AC 12; HP 15; STA 5,WAR RNG SHD SHM BER,,,,,Add,,,,,,,,,,,,2026-07-27,,,,,,,,C,Current EQL exact NPC/item or current zone-table relationship.,None identified,,,,Official EQL update + Current EQL Wiki,,EQL-LOOT-1.0,loot,Active,,B17-CRU-010,,,Yes,Yes,,,,,,,,,,,Orc,,Bloodgurgler,,,Crushbone Orcs,Hostile,,,Indoor/Outdoor Dungeon Compound,,,,,,,,,,,,,,,,,,,,,,,,,,,,,,,,,Open World,Open World,,,,,,,,,,,NPC Corpse,,,,,,,,,,,,,,,,,,,,,,,,,,,,,,,,,,,,,,,,,,,,,,,,,,,,,,,,,No,,,,,,,,,,,,,,,,,,,,Available,,,,,Confirmed,Unconfirmed,,,,,,B17-CRU-PIT,
B17-CRU-011,17,,Crushbone,Dwarven Blood,,,,,,,,Yes,,,,,,,,,,Rondo Dunfire,,,,,,,,,,,,,,,,,,,,,,,,,,,"Notable Crushbone equipment, quest component, access item, or documented shared source.",,Core,,,,,Yes,1,,,,,,,,Add,,,,,,,,,,,,2026-07-27,,,,,,,,C,Current EQL exact NPC/item or current zone-table relationship.,None identified,,,,Official EQL update + Current EQL Wiki,,EQL-LOOT-1.0,loot,Active,,B17-CRU-011,,,No,Yes,,,,,,,,,,,,,Rondo Dunfire,,,,Hostile,,,Indoor/Outdoor Dungeon Compound,,,,,,,,,,,,,,,,,,,,,,,,,,,,,,,,,Open World,Open World,,,,,,,,,,,NPC Corpse,,,,,,,,,,,,,,,,,,,,,,,,,,,,,,,,,,,,,,,,,,,,,,,,,,,,,,,,,No,,,,,,,,,,,,Dropped Component,,,,,,,,Available,,,,,Confirmed,Unconfirmed,,,,,,B17-CRU-SLAVE,
B17-CRU-012,17,,Crushbone,Rondo's Tongue,,,,,,,,Yes,,,,,,,,,,Rondo Dunfire,,,,,,,,,,,,,,,,,,,,,,,,,,,"Notable Crushbone equipment, quest component, access item, or documented shared source.",,Core,,,,,Yes,1,,,,,,,,Add,,,,,,,,,,,,2026-07-27,,,,,,,,C,Current EQL exact NPC/item or current zone-table relationship.,None identified,,,,Official EQL update + Current EQL Wiki,,EQL-LOOT-1.0,loot,Active,,B17-CRU-012,,,No,Yes,,,,,,,,,,,,,Rondo Dunfire,,,,Hostile,,,Indoor/Outdoor Dungeon Compound,,,,,,,,,,,,,,,,,,,,,,,,,,,,,,,,,Open World,Open World,,,,,,,,,,,NPC Corpse,,,,,,,,,,,,,,,,,,,,,,,,,,,,,,,,,,,,,,,,,,,,,,,,,,,,,,,,,No,,,,,,,,,,,,Dropped Component,,,,,,,,Available,,,,,Confirmed,Unconfirmed,,,,,,B17-CRU-SLAVE,
B17-CRU-013,17,,Crushbone,Bracers of Battle,,Wrist,,,,,,,,,,,,,,,,Orc Warden,,,,,,,,,,,,,,,,,,,,,,,,,,,"Notable Crushbone equipment, quest component, access item, or documented shared source.",,Core,,,,,Yes,1,,,,,,,,Add,,,,,,,,,,,,2026-07-27,,,,,,,,C,Current EQL exact NPC/item or current zone-table relationship.,None identified,,,,Official EQL update + Current EQL Wiki,,EQL-LOOT-1.0,loot,Active,,B17-CRU-013,,,Yes,Yes,,,,,,,,,,,Orc,,Orc Warden,,,Crushbone Orcs,Hostile,,,Indoor/Outdoor Dungeon Compound,,,,,,,,,,,,,,,,,,,,,,,,,,,,,,,,,Open World,Open World,,,,,,,,,,,NPC Corpse,,,,,,,,,,,,,,,,,,,,,,,,,,,,,,,,,,,,,,,,,,,,,,,,,,,,,,,,,No,,,,,,,,,,,,,,,,,,,,Available,,,,,Confirmed,Unconfirmed,,,,,,B17-CRU-SLAVE,
B17-CRU-014,17,,Crushbone,Master Crushbone Cell Key,Access Key,,,Yes,,,,,,,,,,,,,,Orc Warden,,,,,,,,,,,,,,,,,,,,,,,,,,,"Notable Crushbone equipment, quest component, access item, or documented shared source.",,Core,,,,,Yes,1,,,,,,,,Add,,,,,,,,,,,,2026-07-27,,,,,,,,C,Current EQL exact NPC/item or current zone-table relationship.,None identified,,,,Official EQL update + Current EQL Wiki,,EQL-LOOT-1.0,loot,Active,,B17-CRU-014,,,No,Yes,,,,,,,,,,,Orc,,Orc Warden,,Crushbone cell-key system,Crushbone Orcs,Hostile,,,Indoor/Outdoor Dungeon Compound,,,,,,,,,,,,,,,,,,,,,,,,,,,,,,,,,Open World,Open World,,,,,,,,,,,NPC Corpse,,,,,,,,,,,,,,,,,,,,,,,,,,,,,,,,,,,,,,,,,,,,,,,,,,,,,,,,,No,,,,,,,,,,,,,,,,,,,,Available,,,,,Confirmed,Unconfirmed,,,,,,B17-CRU-SLAVE,
B17-CRU-015,17,,Crushbone,Master Crushbone Cell Key,Access Key,,,Yes,,,,,,,,,,,,,,Orc Slaver,,,,,,,,,,,,,,,,,,,,,,,,,,,"Notable Crushbone equipment, quest component, access item, or documented shared source.",,Core,,,,,Yes,1,,,,,,,,Add,,,,,,,,,,,,2026-07-27,,,,,,,,C,Current EQL exact NPC/item or current zone-table relationship.,None identified,,,,Official EQL update + Current EQL Wiki,,EQL-LOOT-1.0,loot,Active,,B17-CRU-015,,,No,Yes,,,,,,,,,,,Orc,,Orc Slaver,,Crushbone cell-key system,Crushbone Orcs,Hostile,,,Indoor/Outdoor Dungeon Compound,,,,,,,,,,,,,,,,,,,,,,,,,,,,,,,,,Open World,Open World,,,,,,,,,,,NPC Corpse,,,,,,,,,,,,,,,,,,,,,,,,,,,,,,,,,,,,,,,,,,,,,,,,,,,,,,,,,No,,,,,,,,,,,,,,,,,,,,Available,,,,,Confirmed,Unconfirmed,,,,,,B17-CRU-SLAVE,
B17-CRU-016,17,,Crushbone,Slaver's Lash,,Primary; Secondary,,,,,,,,,,,,9,40,,,Orc Slaver,,,,,,,,,,,,,,,,,,,,,,,,,,,"Notable Crushbone equipment, quest component, access item, or documented shared source.",,Core,,,,,Yes,1,,HP 5; Endurance 5; WIS 2; INT 2,PAL RNG SHD BRD,,,,,Add,,,,,,,,,,,,2026-07-27,,,,,,,,C,Current EQL exact NPC/item or current zone-table relationship.,None identified,,,,Official EQL update + Current EQL Wiki,,EQL-LOOT-1.0,loot,Active,,B17-CRU-016,,,Yes,Yes,,,,,,,,,,,Orc,,Orc Slaver,,,Crushbone Orcs,Hostile,,,Indoor/Outdoor Dungeon Compound,,,,,,,,,,,,,,,,,,,,,,,,,,,,,,,,,Open World,Open World,,,,,,,,,,,NPC Corpse,,,,,,,,,,,,,,,,,,,,,,,,,,,,,,,,,,,,,,,,,,,,,,,,,,,,,,,,,No,,,,,,,,,,,,,,,,,,,,Available,,,,,Confirmed,Unconfirmed,,,,,,B17-CRU-SLAVE,
B17-CRU-017,17,,Crushbone,Shiny Brass Shield,,Secondary,,,,,,,,,,,,,,,,Orc Trainer,,,,,,,,,,,,,,,,,,,,,,,,,,,"Notable Crushbone equipment, quest component, access item, or documented shared source.",,Core,,,,,Yes,1,,,,,,,,Add,,,,,,,,,,,,2026-07-27,,,,,,,,C,Current EQL exact NPC/item or current zone-table relationship.,None identified,,,,Official EQL update + Current EQL Wiki,,EQL-LOOT-1.0,loot,Active,,B17-CRU-017,,,Yes,Yes,,,,,,,,,,,Orc,,Orc Trainer,,,Crushbone Orcs,Hostile,,,Indoor/Outdoor Dungeon Compound,,,,,,,,,,,,,,,,,,,,,,,,,,,,,,,,,Open World,Open World,,,,,,,,,,,NPC Corpse,,,,,,,,,,,,,,,,,,,,,,,,,,,,,,,,,,,,,,,,,,,,,,,,,,,,,,,,,No,,,,,,,,,,,,,,,,,,,,Available,,,,,Confirmed,Unconfirmed,,,,,,B17-CRU-TRAIN,
B17-CRU-018,17,,Crushbone,Crushbone Cadet's Grimoire,,Primary; Secondary,,,,,,,,,,,,,,,,Orc Trainer,,,,,,,,,,,,,,,,,,,,,,,,,,,"Notable Crushbone equipment, quest component, access item, or documented shared source.",,Core,,,,,Yes,1,,Mana 5; INT 2; WIS 2,NEC WIZ MAG ENC,,,,,Add,,,,,,,,,,,,2026-07-27,,,,,,,,C,Current EQL exact NPC/item or current zone-table relationship.,None identified,,,,Official EQL update + Current EQL Wiki,,EQL-LOOT-1.0,loot,Active,,B17-CRU-018,,,Yes,Yes,,,,,,,,,,,Orc,,Orc Trainer,,,Crushbone Orcs,Hostile,,,Indoor/Outdoor Dungeon Compound,,,,,,,,,,,,,,,,,,,,,,,,,,,,,,,,,Open World,Open World,,,,,,,,,,,NPC Corpse,,,,,,,,,,,,,,,,,,,,,,,,,,,,,,,,,,,,,,,,,,,,,,,,,,,,,,,,,No,,,,,,,,,,,,,,,,,,,,Available,,,,,Confirmed,Unconfirmed,,,,,,B17-CRU-TRAIN,
B17-CRU-019,17,,Crushbone,Deteriorated Ancient Faydark Longbow,,Range,,,,,,,,,,,,14,55,,,Orc Warlord,,,,,,,,,,,,,,,,,,,,,,,,,,,"Notable Crushbone equipment, quest component, access item, or documented shared source.",,Core,,,,,Yes,1,,HP 5; Mana 5; Endurance 5,WAR PAL RNG SHD ROG,,,,,Add,,,,,,,,,,,,2026-07-27,,,,,,,,C,Current EQL exact NPC/item or current zone-table relationship.,None identified,,,,Official EQL update + Current EQL Wiki,,EQL-LOOT-1.0,loot,Active,,B17-CRU-019,,,Yes,Yes,,,,,,,,,,,Orc,,Orc Warlord,,,Crushbone Orcs,Hostile,,,Indoor/Outdoor Dungeon Compound,,,,,,,,,,,,,,,,,,,,,,,,,,,,,,,,,Open World,Open World,,,,,,,,,,,NPC Corpse,,,,,,,,,,,,,,,,,,,,,,,,,,,,,,,,,,,,,,,,,,,,,,,,,,,,,,,,,No,,,,,,,,,,,,,,,,,,,,Available,,,,,Confirmed,Unconfirmed,,,,,,B17-CRU-CASTLE,
B17-CRU-020,17,,Crushbone,Bracers of Battle,,Wrist,,,,,,,,,,,,,,,,Orc Warlord,,,,,,,,,,,,,,,,,,,,,,,,,,,"Notable Crushbone equipment, quest component, access item, or documented shared source.",,Core,,,,,Yes,1,,,,,,,,Add,,,,,,,,,,,,2026-07-27,,,,,,,,C,Current EQL exact NPC/item or current zone-table relationship.,None identified,,,,Official EQL update + Current EQL Wiki,,EQL-LOOT-1.0,loot,Active,,B17-CRU-020,,,Yes,Yes,,,,,,,,,,,Orc,,Orc Warlord,,,Crushbone Orcs,Hostile,,,Indoor/Outdoor Dungeon Compound,,,,,,,,,,,,,,,,,,,,,,,,,,,,,,,,,Open World,Open World,,,,,,,,,,,NPC Corpse,,,,,,,,,,,,,,,,,,,,,,,,,,,,,,,,,,,,,,,,,,,,,,,,,,,,,,,,,No,,,,,,,,,,,,,,,,,,,,Available,,,,,Confirmed,Unconfirmed,,,,,,B17-CRU-CASTLE,
B17-CRU-021,17,,Crushbone,Ornament of the Oracle,,Ear,,,,,,,,,,,,,,,,Orc Oracle — EQL High-Level Population,,,,,,,,,,,,,,,,,,,,,,,,,,,"Notable Crushbone equipment, quest component, access item, or documented shared source.",,Core,,,,,Yes,1,,HP 5; Mana 10; WIS 1; INT 1; CHA 2,,,,,,Add,,,,,,,,,,,,2026-07-27,,,,,,,,C,Current EQL exact NPC/item or current zone-table relationship.,None identified,,,,Official EQL update + Current EQL Wiki,,EQL-LOOT-1.0,loot,Active,,B17-CRU-021,,,Yes,Yes,,,,,,,,,,,Orc,Crushbone Oracle — EQL High-Level Population,Orc Oracle — EQL High-Level Population,,,Crushbone Orcs,Hostile,,,Indoor/Outdoor Dungeon Compound,,,,,,,,,,,,,,,,,,,,,,,,,,,,,,,,,Open World,Open World,,,,,,,,,,,NPC Corpse,,,,,,,,,,,,,,,,,,,,,,,,,,,,,,,,,,,,,,,,,,,,,,,,,,,,,,,,,No,,,,,,,,,,,,,,,,,,,,Available,,,,,Confirmed,Unconfirmed,,,,,,B17-CRU-CASTLE,
B17-CRU-022,17,,Crushbone,Crushbone Fetish,,Secondary,,,,,,,,,,,,,,,,Orc Oracle — EQL High-Level Population,,,,,,,,,,,,,,,,,,,,,,,,,,,"Notable Crushbone equipment, quest component, access item, or documented shared source.",,Core,,,,,Yes,1,,AC 8; Mana 10; WIS 3; INT 3; MR 2,,,,,,Add,,,,,,,,,,,,2026-07-27,,,,,,,,C,Current EQL exact NPC/item or current zone-table relationship.,None identified,,,,Official EQL update + Current EQL Wiki,,EQL-LOOT-1.0,loot,Active,,B17-CRU-022,,,Yes,Yes,,,,,,,,,,,Orc,Crushbone Oracle — EQL High-Level Population,Orc Oracle — EQL High-Level Population,,,Crushbone Orcs,Hostile,,,Indoor/Outdoor Dungeon Compound,,,,,,,,,,,,,,,,,,,,,,,,,,,,,,,,,Open World,Open World,,,,,,,,,,,NPC Corpse,,,,,,,,,,,,,,,,,,,,,,,,,,,,,,,,,,,,,,,,,,,,,,,,,,,,,,,,,No,,,,,,,,,,,,,,,,,,,,Available,,,,,Confirmed,Unconfirmed,,,,,,B17-CRU-CASTLE,
B17-CRU-023,17,,Crushbone,Armband of Serrated Teeth,,Arms,,,,,,,,,,,,,,,,Chokehold,,,,,,,,,,,,,,,,,,,,,,,,,,,"Notable Crushbone equipment, quest component, access item, or documented shared source.",,Core,,,,,Yes,1,,STR 1; STA 2; DEX 1; DR 2,,,,,,Add,,,,,,,,,,,,2026-07-27,,,,,,,,C,Current EQL exact NPC/item or current zone-table relationship.,None identified,,,,Official EQL update + Current EQL Wiki,,EQL-LOOT-1.0,loot,Active,,B17-CRU-023,,,Yes,Yes,,,,,,,,,,,Orc,,Chokehold,,,Crushbone Orcs,Hostile,,,Indoor/Outdoor Dungeon Compound,,,,,,,,,,,,,,,,,,,,,,,,,,,,,,,,,Open World,Open World,,,,,,,,,,,NPC Corpse,,,,,,,,,,,,,,,,,,,,,,,,,,,,,,,,,,,,,,,,,,,,,,,,,,,,,,,,,No,,,,,,,,,,,,,,,,,,,,Available,,,,,Confirmed,Unconfirmed,,,,,,B17-CRU-CASTLE,
B17-CRU-024,17,,Crushbone,Carved Walking Stick,,Primary; Secondary,,,,,,,,,,,,6,25,,,Chokehold,,,,,,,,,,,,,,,,,,,,,,,,,,,"Notable Crushbone equipment, quest component, access item, or documented shared source.",,Core,,,,,Yes,1,,Mana 5; STR 1; WIS 1; FR 1; CR 1; MR 1,,,,,,Add,,,,,,,,,,,,2026-07-27,,,,,,,,C,Current EQL exact NPC/item or current zone-table relationship.,None identified,,,,Official EQL update + Current EQL Wiki,,EQL-LOOT-1.0,loot,Active,,B17-CRU-024,,,Yes,Yes,,,,,,,,,,,Orc,,Chokehold,,,Crushbone Orcs,Hostile,,,Indoor/Outdoor Dungeon Compound,,,,,,,,,,,,,,,,,,,,,,,,,,,,,,,,,Open World,Open World,,,,,,,,,,,NPC Corpse,,,,,,,,,,,,,,,,,,,,,,,,,,,,,,,,,,,,,,,,,,,,,,,,,,,,,,,,,No,,,,,,,,,,,,,,,,,,,,Available,,,,,Confirmed,Unconfirmed,,,,,,B17-CRU-CASTLE,
B17-CRU-025,17,,Crushbone,Wood Elf Scout Bauble,,Neck,,,,,,,,,,,,,,,,Marrowbane,,,,,,,,,,,,,,,,,,,,,,,,,,,"Notable Crushbone equipment, quest component, access item, or documented shared source.",,Core,,,,,Yes,1,,AC 1; HP 5; Endurance 5; AGI 2,All,,,,,Add,,,,,,,,,,,,2026-07-27,,,,,,,,C,Current EQL exact NPC/item or current zone-table relationship.,None identified,,,,Official EQL update + Current EQL Wiki,,EQL-LOOT-1.0,loot,Active,,B17-CRU-025,,,Yes,Yes,,,,,,,,,,,Orc,,Marrowbane,,,Crushbone Orcs,Hostile,,,Indoor/Outdoor Dungeon Compound,,,,,,,,,,,,,,,,,,,,,,,,,,,,,,,,,Open World,Open World,,,,,,,,,,,NPC Corpse,,,,,,,,,,,,,,,,,,,,,,,,,,,,,,,,,,,,,,,,,,,,,,,,,,,,,,,,,No,,,,,,,,,,,,,,,,,,,,Available,,,,,Confirmed,Unconfirmed,,,,,,B17-CRU-CASTLE,
B17-CRU-026,17,,Crushbone,Grimy Black Silk Robe,,Chest,,,,,,,,,,,,,,,,Marrowbane,,,,,,,,,,,,,,,,,,,,,,,,,,,"Notable Crushbone equipment, quest component, access item, or documented shared source.",,Core,,,,,Yes,1,,AC 6; Mana 10; AGI 2; INT 5,NEC WIZ MAG ENC,,,,,Add,,,,,,,,,,,,2026-07-27,,,,,,,,C,Current EQL exact NPC/item or current zone-table relationship.,None identified,,,,Official EQL update + Current EQL Wiki,,EQL-LOOT-1.0,loot,Active,,B17-CRU-026,,,Yes,Yes,,,,,,,,,,,Orc,,Marrowbane,,,Crushbone Orcs,Hostile,,,Indoor/Outdoor Dungeon Compound,,,,,,,,,,,,,,,,,,,,,,,,,,,,,,,,,Open World,Open World,,,,,,,,,,,NPC Corpse,,,,,,,,,,,,,,,,,,,,,,,,,,,,,,,,,,,,,,,,,,,,,,,,,,,,,,,,,No,,,,,,,,,,,,,,,,,,,,Available,,,,,Confirmed,Unconfirmed,,,,,,B17-CRU-CASTLE,
B17-CRU-027,17,,Crushbone,Headsplitter,,Primary,,,,,,,,,,,,11,43,,,Bonefire,,,,,,,,,,,,,,,,,,,,,,,,,,,"Notable Crushbone equipment, quest component, access item, or documented shared source.",,Core,,,,,Yes,1,,STR 4; Endurance 15,,,,,,Add,,,,,,,,,,,,2026-07-27,,,,,,,,C,Current EQL exact NPC/item or current zone-table relationship.,None identified,,,,Official EQL update + Current EQL Wiki,,EQL-LOOT-1.0,loot,Active,,B17-CRU-027,,,Yes,Yes,,,,,,,,,,,Orc,,Bonefire,,,Crushbone Orcs,Hostile,,,Indoor/Outdoor Dungeon Compound,,,,,,,,,,,,,,,,,,,,,,,,,,,,,,,,,Open World,Open World,,,,,,,,,,,NPC Corpse,,,,,,,,,,,,,,,,,,50% conditional,,,,,,,,,,,,,,,,,,,,,,,,,,,,,,,,,,,,,,,No,,,,,,,,,,,,,,,,,,,,Available,,,,,Confirmed,Unconfirmed,,,,,,B17-CRU-CASTLE,
B17-CRU-028,17,,Crushbone,Corroded Hand Guards,,Hands,,,,,,,,,,,,,,,,Bonefire,,,,,,,,,,,,,,,,,,,,,,,,,,,"Notable Crushbone equipment, quest component, access item, or documented shared source.",,Core,,,,,Yes,1,,AC 10; STR 1; FR 3; CR 3; PR 3,,,,,,Add,,,,,,,,,,,,2026-07-27,,,,,,,,C,Current EQL exact NPC/item or current zone-table relationship.,None identified,,,,Official EQL update + Current EQL Wiki,,EQL-LOOT-1.0,loot,Active,,B17-CRU-028,,,Yes,Yes,,,,,,,,,,,Orc,,Bonefire,,,Crushbone Orcs,Hostile,,,Indoor/Outdoor Dungeon Compound,,,,,,,,,,,,,,,,,,,,,,,,,,,,,,,,,Open World,Open World,,,,,,,,,,,NPC Corpse,,,,,,,,,,,,,,,,,,50% conditional,,,,,,,,,,,,,,,,,,,,,,,,,,,,,,,,,,,,,,,No,,,,,,,,,,,,,,,,,,,,Available,,,,,Confirmed,Unconfirmed,,,,,,B17-CRU-CASTLE,
B17-CRU-029,17,,Crushbone,Dwarven Axe,,Primary; Secondary,,,,,,,,,,,,,,,,Lord Darish,,,,,,,,,,,,,,,,,,,,,,,,,,,"Notable Crushbone equipment, quest component, access item, or documented shared source.",,Core,,,,,Yes,1,,,,,,,,Add,,,,,,,,,,,,2026-07-27,,,,,,,,C,Current EQL exact NPC/item or current zone-table relationship.,None identified,,,,Official EQL update + Current EQL Wiki,,EQL-LOOT-1.0,loot,Active,,B17-CRU-029,,,Yes,Yes,,,,,,,,,,,Orc,,Lord Darish,,,Crushbone Orcs,Hostile,,,Indoor/Outdoor Dungeon Compound,,,,,,,,,,,,,,,,,,,,,,,,,,,,,,,,,Open World,Open World,,,,,,,,,,,NPC Corpse,,,,,,,,,,,,,,,,,,,,,,,,,,,,,,,,,,,,,,,,,,,,,,,,,,,,,,,,,No,,,,,,,,,,,,,,,,,,,,Available,,,,,Confirmed,Unconfirmed,,,,,,B17-CRU-CASTLE,
B17-CRU-030,17,,Crushbone,Dwarven Two-Handed Axe,,Primary,,,,,,,,,,,,,,,,Lord Darish,,,,,,,,,,,,,,,,,,,,,,,,,,,"Notable Crushbone equipment, quest component, access item, or documented shared source.",,Core,,,,,Yes,1,,,,,,,,Add,,,,,,,,,,,,2026-07-27,,,,,,,,C,Current EQL exact NPC/item or current zone-table relationship.,None identified,,,,Official EQL update + Current EQL Wiki,,EQL-LOOT-1.0,loot,Active,,B17-CRU-030,,,Yes,Yes,,,,,,,,,,,Orc,,Lord Darish,,,Crushbone Orcs,Hostile,,,Indoor/Outdoor Dungeon Compound,,,,,,,,,,,,,,,,,,,,,,,,,,,,,,,,,Open World,Open World,,,,,,,,,,,NPC Corpse,,,,,,,,,,,,,,,,,,,,,,,,,,,,,,,,,,,,,,,,,,,,,,,,,,,,,,,,,No,,,,,,,,,,,,,,,,,,,,Available,,,,,Confirmed,Unconfirmed,,,,,,B17-CRU-CASTLE,
B17-CRU-031,17,,Crushbone,Torn Elvish Tapestry,,Back,,,,,,,,,,,,,,,,Lord Darish,,,,,,,,,,,,,,,,,,,,,,,,,,,"Notable Crushbone equipment, quest component, access item, or documented shared source.",,Core,,,,,Yes,1,,AC 6; CHA 4; MR 5,,,,,,Add,,,,,,,,,,,,2026-07-27,,,,,,,,C,Current EQL exact NPC/item or current zone-table relationship.,None identified,,,,Official EQL update + Current EQL Wiki,,EQL-LOOT-1.0,loot,Active,,B17-CRU-031,,,Yes,Yes,,,,,,,,,,,Orc,,Lord Darish,,,Crushbone Orcs,Hostile,,,Indoor/Outdoor Dungeon Compound,,,,,,,,,,,,,,,,,,,,,,,,,,,,,,,,,Open World,Open World,,,,,,,,,,,NPC Corpse,,,,,,,,,,,,,,,,,,,,,,,,,,,,,,,,,,,,,,,,,,,,,,,,,,,,,,,,,No,,,,,,,,,,,,,,,,,,,,Available,,,,,Confirmed,Unconfirmed,,,,,,B17-CRU-CASTLE,
B17-CRU-032,17,,Crushbone,Bandolier of Teeth,,Shoulders,,,,,,,,,,,,,,,,Lord Darish,,,,,,,,,,,,,,,,,,,,,,,,,,,"Notable Crushbone equipment, quest component, access item, or documented shared source.",,Core,,,,,Yes,1,,HP 10; STR 1; PR 1,,,,,,Add,,,,,,,,,,,,2026-07-27,,,,,,,,C,Current EQL exact NPC/item or current zone-table relationship.,None identified,,,,Official EQL update + Current EQL Wiki,,EQL-LOOT-1.0,loot,Active,,B17-CRU-032,,,Yes,Yes,,,,,,,,,,,Orc,,Lord Darish,,,Crushbone Orcs,Hostile,,,Indoor/Outdoor Dungeon Compound,,,,,,,,,,,,,,,,,,,,,,,,,,,,,,,,,Open World,Open World,,,,,,,,,,,NPC Corpse,,,,,,,,,,,,,,,,,,,,,,,,,,,,,,,,,,,,,,,,,,,,,,,,,,,,,,,,,No,,,,,,,,,,,,,,,,,,,,Available,,,,,Confirmed,Unconfirmed,,,,,,B17-CRU-CASTLE,
B17-CRU-033,17,,Crushbone,Disgusting Padded Shirt,,Chest,,,,,,,,,,,,,,,,The Prophet,,,,,,,,,,,,,,,,,,,,,,,,,,,"Notable Crushbone equipment, quest component, access item, or documented shared source.",,Core,,,,,Yes,1,,AC 12; HP 9; WIS 2; PR 2; DR 2; CR 2,,,,,,Add,,,,,,,,,,,,2026-07-27,,,,,,,,C,Current EQL exact NPC/item or current zone-table relationship.,None identified,,,,Official EQL update + Current EQL Wiki,,EQL-LOOT-1.0,loot,Active,,B17-CRU-033,,,Yes,Yes,,,,,,,,,,,Orc,,The Prophet,,,Crushbone Orcs,Hostile,,,Indoor/Outdoor Dungeon Compound,,,,,,,,,,,,,,,,,,,,,,,,,,,,,,,,,Open World,Open World,,,,,,,,,,,NPC Corpse,,,,,,,,,,,,,,,,,,,,,,,,,,,,,,,,,,,,,,,,,,,,,,,,,,,,,,,,,No,,,,,,,,,,,,,,,,,,,,Available,,,,,Confirmed,Unconfirmed,,,,,,B17-CRU-CASTLE,
B17-CRU-034,17,,Crushbone,Rotting Faydark Mask,,Face,,,,,,,,,,,,,,,,The Prophet,,,,,,,,,,,,,,,,,,,,,,,,,,,"Notable Crushbone equipment, quest component, access item, or documented shared source.",,Core,,,,,Yes,1,,AC 5; HP 5; Mana 5; Endurance 5; STA 2,All,,,,,Add,,,,,,,,,,,,2026-07-27,,,,,,,,C,Current EQL exact NPC/item or current zone-table relationship.,None identified,,,,Official EQL update + Current EQL Wiki,,EQL-LOOT-1.0,loot,Active,,B17-CRU-034,,,Yes,Yes,,,,,,,,,,,Orc,,The Prophet,,,Crushbone Orcs,Hostile,,,Indoor/Outdoor Dungeon Compound,,,,,,,,,,,,,,,,,,,,,,,,,,,,,,,,,Open World,Open World,,,,,,,,,,,NPC Corpse,,,,,,,,,,,,,,,,,,,,,,,,,,,,,,,,,,,,,,,,,,,,,,,,,,,,,,,,,No,,,,,,,,,,,,,,,,,,,,Available,,,,,Confirmed,Unconfirmed,,,,,,B17-CRU-CASTLE,
B17-CRU-035,17,,Crushbone,Tergon's Spellbook,,,,,,,,Yes,,,,,,,,,,The Prophet,,,,,,,,,,,,,,,,,,,,,,,,,,,"Notable Crushbone equipment, quest component, access item, or documented shared source.",,Core,,,,,Yes,1,,,,,,,,Add,,,,,,,,,,,,2026-07-27,,,,,,,,C,Current EQL exact NPC/item or current zone-table relationship.,None identified,,,,Official EQL update + Current EQL Wiki,,EQL-LOOT-1.0,loot,Active,,B17-CRU-035,,,No,Yes,,,,,,,,,,,Orc,,The Prophet,,,Crushbone Orcs,Hostile,,,Indoor/Outdoor Dungeon Compound,,,,,,,,,,,,,,,,,,,,,,,,,,,,,,,,,Open World,Open World,,,,,,,,,,,NPC Corpse,,,,,,,,,,,,,,,,,,,,,,,,,,,,,,,,,,,,,,,,,,,,,,,,,,,,,,,,,No,,,,,,,,,,Tergon's Spellbook Quest,,Dropped Component,,,,,,,,Available,,,,,Confirmed,Unconfirmed,,,,,,B17-CRU-CASTLE,
B17-CRU-036,17,,Crushbone,Blue Orc Head,,,,,,,,Yes,,,,,,,,,,The Prophet,,,,,,,,,,,,,,,,,,,,,,,,,,,"Notable Crushbone equipment, quest component, access item, or documented shared source.",,Core,,,,,Yes,1,,,,,,,,Add,,,,,,,,,,,,2026-07-27,,,,,,,,C,Current EQL exact NPC/item or current zone-table relationship.,None identified,,,,Official EQL update + Current EQL Wiki,,EQL-LOOT-1.0,loot,Active,,B17-CRU-036,,,No,Yes,,,,,,,,,,,Orc,,The Prophet,,,Crushbone Orcs,Hostile,,,Indoor/Outdoor Dungeon Compound,,,,,,,,,,,,,,,,,,,,,,,,,,,,,,,,,Open World,Open World,,,,,,,,,,,NPC Corpse,,,,,,,,,,,,,,,,,,,,,,,,,,,,,,,,,,,,,,,,,,,,,,,,,,,,,,,,,No,,,,,,,,,,,,Dropped Component,,,,,,,,Available,,,,,Confirmed,Unconfirmed,,,,,,B17-CRU-CASTLE,
B17-CRU-037,17,,Crushbone,Dwarven Ringmail Tunic,,Chest,,,,,,,,,,,,,,,,Emperor Crush,,,,,,,,,,,,,,,,,,,,,,,,,,,"Notable Crushbone equipment, quest component, access item, or documented shared source.",,Core,,,,,Yes,1,,AC 12; FR 8; CR 8; MR 8,,,,,,Add,,,,,,,,,,,,2026-07-27,,,,,,,,C,Current EQL exact NPC/item or current zone-table relationship.,None identified,,,,Official EQL update + Current EQL Wiki,,EQL-LOOT-1.0,loot,Active,,B17-CRU-037,,,Yes,Yes,,,,,,,,,,,Orc,,Emperor Crush,,,Crushbone Orcs,Hostile,,,Indoor/Outdoor Dungeon Compound,,,,,,,,,,,,,,,,,,,,,,,,,,,,,,,,,Open World,Open World,,,,,,,,,,,NPC Corpse,,,,,,,,,,,,,Common,,,,,,,,,,,,,,,,,,,,,,,,,,,,,,,,,,,,,,,,,,,,No,,,,,,,,,,,,,,,,,,,,Available,,,,,Confirmed,Unconfirmed,,,,,,B17-CRU-CASTLE,
B17-CRU-038,17,,Crushbone,Crown of Crush,,Head,,,,,,,,,,,,,,,,Emperor Crush,,,,,,,,,,,,,,,,,,,,,,,,,,,"Notable Crushbone equipment, quest component, access item, or documented shared source.",,Core,,,,,Yes,1,,AC 10; Endurance 10; STR 5; CR 5,,,,,,Add,,,,,,,,,,,,2026-07-27,,,,,,,,C,Current EQL exact NPC/item or current zone-table relationship.,None identified,,,,Official EQL update + Current EQL Wiki,,EQL-LOOT-1.0,loot,Active,,B17-CRU-038,,,Yes,Yes,,,,,,,,,,,Orc,,Emperor Crush,,,Crushbone Orcs,Hostile,,,Indoor/Outdoor Dungeon Compound,,,,,,,,,,,,,,,,,,,,,,,,,,,,,,,,,Open World,Open World,,,,,,,,,,,NPC Corpse,,,,,,,,,,,,,,,,,,,,,,,,,,,,,,,,,,,,,,,,,,,,,,,,,,,,,,,,,No,,,,,,,,,,,,,,,,,,,,Available,,,,,Confirmed,Unconfirmed,,,,,,B17-CRU-CASTLE,
B17-CRU-039,17,,Crushbone,Dragoon Dirk,,Primary; Secondary,,,,,,,,,,,,6,23,,,Ambassador DVinn,,,,,,,,,,,,,,,,,,,,,,,,,,,"Notable Crushbone equipment, quest component, access item, or documented shared source.",,Core,,,,,Yes,1,,DEX 2; MR 3,,,,,,Add,,,,,,,,,,,,2026-07-27,,,,,,,,C,Current EQL exact NPC/item or current zone-table relationship.,None identified,,,,Official EQL update + Current EQL Wiki,,EQL-LOOT-1.0,loot,Active,,B17-CRU-039,,,Yes,Yes,,,,,,,,,,,Orc,,Ambassador DVinn,,,Crushbone Orcs,Hostile,,,Indoor/Outdoor Dungeon Compound,,,,,,,,,,,,,,,,,,,,,,,,,,,,,,,,,Open World,Open World,,,,,,,,,,,NPC Corpse,,,,,,,,,,,,,Uncommon,,,,,,,,,,,,,,,,,,,,,,,,,,,,,,,,,,,,,,,,,,,,No,,,,,,,,,,,,,,,,,,,,Available,,,,,Confirmed,Unconfirmed,,,,,,B17-CRU-CASTLE,
B17-CRU-040,17,,Crushbone,Wood Elf Scout Shoes,,Feet,,,,,,,,,,,,,,,,Ambassador DVinn,,,,,,,,,,,,,,,,,,,,,,,,,,,"Notable Crushbone equipment, quest component, access item, or documented shared source.",,Core,,,,,Yes,1,,AC 2; AGI 2; DEX 1; FR 2; CR 2,,,,,,Add,,,,,,,,,,,,2026-07-27,,,,,,,,C,Current EQL exact NPC/item or current zone-table relationship.,None identified,,,,Official EQL update + Current EQL Wiki,,EQL-LOOT-1.0,loot,Active,,B17-CRU-040,,,Yes,Yes,,,,,,,,,,,Orc,,Ambassador DVinn,,,Crushbone Orcs,Hostile,,,Indoor/Outdoor Dungeon Compound,,,,,,,,,,,,,,,,,,,,,,,,,,,,,,,,,Open World,Open World,,,,,,,,,,,NPC Corpse,,,,,,,,,,,,,Uncommon,,,,,,,,,,,,,,,,,,,,,,,,,,,,,,,,,,,,,,,,,,,,No,,,,,,,,,,,,,,,,,,,,Available,,,,,Confirmed,Unconfirmed,,,,,,B17-CRU-CASTLE,
B17-CRU-041,17,,Crushbone,Black Heart,,,,,,Yes,Yes,Yes,,,,,,,,,,Ambassador DVinn,,,,,,,,,,,,,,,,,,,,,,,,,,,"Notable Crushbone equipment, quest component, access item, or documented shared source.",,Core,,,,,Yes,1,,,,,,,,Add,,,,,,,,,,,,2026-07-27,,,,,,,,C,Current EQL exact NPC/item or current zone-table relationship.,None identified,,,,Official EQL update + Current EQL Wiki,,EQL-LOOT-1.0,loot,Active,,B17-CRU-041,,,No,Yes,,,,,,,,,,,Orc,,Ambassador DVinn,,,Crushbone Orcs,Hostile,,,Indoor/Outdoor Dungeon Compound,,,,,,,,,,,,,,,,,,,,,,,,,,,,,,,,,Open World,Open World,,,,,,,,,,,NPC Corpse,,,,,,,,,,,,,Common,,,,,,,,,,,,,,,,,,,,,,,,,,,,,,,,,,,,,,,,,,,,No,,,,,,,,,,,,Dropped Component,,,,,,,,Available,,,,,Confirmed,Unconfirmed,,,,,,B17-CRU-CASTLE,
B17-CRU-042,17,,Crushbone,Dark Elf Parts,,,,,,,,Yes,,,,,,,,,,Ambassador DVinn,,,,,,,,,,,,,,,,,,,,,,,,,,,"Notable Crushbone equipment, quest component, access item, or documented shared source.",,Core,,,,,Yes,1,,,,,,,,Add,,,,,,,,,,,,2026-07-27,,,,,,,,C,Current EQL exact NPC/item or current zone-table relationship.,None identified,,,,Official EQL update + Current EQL Wiki,,EQL-LOOT-1.0,loot,Active,,B17-CRU-042,,,No,Yes,,,,,,,,,,,Orc,,Ambassador DVinn,,,Crushbone Orcs,Hostile,,,Indoor/Outdoor Dungeon Compound,,,,,,,,,,,,,,,,,,,,,,,,,,,,,,,,,Open World,Open World,,,,,,,,,,,NPC Corpse,,,,,,,,,,,,,Uncommon,,,,,,,,,,,,,,,,,,,,,,,,,,,,,,,,,,,,,,,,,,,,No,,,,,,,,,,,,Dropped Component,,,,,,,,Available,,,,,Confirmed,Unconfirmed,,,,,,B17-CRU-CASTLE,
B17-CRU-043,17,,Crushbone,Elven Blood,,,,,,,,Yes,,,,,,,,,,Ambassador DVinn,,,,,,,,,,,,,,,,,,,,,,,,,,,"Notable Crushbone equipment, quest component, access item, or documented shared source.",,Core,,,,,Yes,1,,,,,,,,Add,,,,,,,,,,,,2026-07-27,,,,,,,,C,Current EQL exact NPC/item or current zone-table relationship.,None identified,,,,Official EQL update + Current EQL Wiki,,EQL-LOOT-1.0,loot,Active,,B17-CRU-043,,,No,Yes,,,,,,,,,,,Orc,,Ambassador DVinn,,,Crushbone Orcs,Hostile,,,Indoor/Outdoor Dungeon Compound,,,,,,,,,,,,,,,,,,,,,,,,,,,,,,,,,Open World,Open World,,,,,,,,,,,NPC Corpse,,,,,,,,,,,,,Uncommon,,,,,,,,,,,,,,,,,,,,,,,,,,,,,,,,,,,,,,,,,,,,No,,,,,,,,,,,,Dropped Component,,,,,,,,Available,,,,,Confirmed,Unconfirmed,,,,,,B17-CRU-CASTLE,
B17-CRU-044,17,,Crushbone,Shackle Key 15,Access Key,,,Yes,,,,,,,,,,,,,,Orc Slaver,,,,,,,,,,,,,,,,,,,,,,,,,,,"Notable Crushbone equipment, quest component, access item, or documented shared source.",,Core,,,,,Yes,1,,,,,,,,Add,,,,,,,,,,,,2026-07-27,,,,,,,,C,Current EQL exact NPC/item or current zone-table relationship.,None identified,,,,Official EQL update + Current EQL Wiki,,EQL-LOOT-1.0,loot,Active,,B17-CRU-044,,,No,Yes,,,,,,,,,,,Orc,,Orc Slaver,,Crushbone Shackle Key Series,Crushbone Orcs,Hostile,,,Indoor/Outdoor Dungeon Compound,,,,,,,,,,,,,,,,,,,,,,,,,,,,,,,,,Open World,Open World,,,,,,,,,,,NPC Corpse,,,,,,,,,,,,,,,,,,,,,,,,,,,,,,,,,,,,,,,,,,,,,,,,,,,,,,,,,No,,,,,,,,,,,,,,,,,,,,Available,,,,,Confirmed,Unconfirmed,,,,,,B17-CRU-SLAVE,
B17-CRU-045,17,,Crushbone,Shackle Key 16,Access Key,,,Yes,,,,,,,,,,,,,,Orc Slaver,,,,,,,,,,,,,,,,,,,,,,,,,,,"Notable Crushbone equipment, quest component, access item, or documented shared source.",,Core,,,,,Yes,1,,,,,,,,Add,,,,,,,,,,,,2026-07-27,,,,,,,,C,Current EQL exact NPC/item or current zone-table relationship.,None identified,,,,Official EQL update + Current EQL Wiki,,EQL-LOOT-1.0,loot,Active,,B17-CRU-045,,,No,Yes,,,,,,,,,,,Orc,,Orc Slaver,,Crushbone Shackle Key Series,Crushbone Orcs,Hostile,,,Indoor/Outdoor Dungeon Compound,,,,,,,,,,,,,,,,,,,,,,,,,,,,,,,,,Open World,Open World,,,,,,,,,,,NPC Corpse,,,,,,,,,,,,,,,,,,,,,,,,,,,,,,,,,,,,,,,,,,,,,,,,,,,,,,,,,No,,,,,,,,,,,,,,,,,,,,Available,,,,,Confirmed,Unconfirmed,,,,,,B17-CRU-SLAVE,
B17-CRU-046,17,,Crushbone,Shackle Key 17,Access Key,,,Yes,,,,,,,,,,,,,,Orc Slaver,,,,,,,,,,,,,,,,,,,,,,,,,,,"Notable Crushbone equipment, quest component, access item, or documented shared source.",,Core,,,,,Yes,1,,,,,,,,Add,,,,,,,,,,,,2026-07-27,,,,,,,,C,Current EQL exact NPC/item or current zone-table relationship.,None identified,,,,Official EQL update + Current EQL Wiki,,EQL-LOOT-1.0,loot,Active,,B17-CRU-046,,,No,Yes,,,,,,,,,,,Orc,,Orc Slaver,,Crushbone Shackle Key Series,Crushbone Orcs,Hostile,,,Indoor/Outdoor Dungeon Compound,,,,,,,,,,,,,,,,,,,,,,,,,,,,,,,,,Open World,Open World,,,,,,,,,,,NPC Corpse,,,,,,,,,,,,,,,,,,,,,,,,,,,,,,,,,,,,,,,,,,,,,,,,,,,,,,,,,No,,,,,,,,,,,,,,,,,,,,Available,,,,,Confirmed,Unconfirmed,,,,,,B17-CRU-SLAVE,
B17-CRU-047,17,,Crushbone,Shackle Key 18,Access Key,,,Yes,,,,,,,,,,,,,,Orc Slaver,,,,,,,,,,,,,,,,,,,,,,,,,,,"Notable Crushbone equipment, quest component, access item, or documented shared source.",,Core,,,,,Yes,1,,,,,,,,Add,,,,,,,,,,,,2026-07-27,,,,,,,,C,Current EQL exact NPC/item or current zone-table relationship.,None identified,,,,Official EQL update + Current EQL Wiki,,EQL-LOOT-1.0,loot,Active,,B17-CRU-047,,,No,Yes,,,,,,,,,,,Orc,,Orc Slaver,,Crushbone Shackle Key Series,Crushbone Orcs,Hostile,,,Indoor/Outdoor Dungeon Compound,,,,,,,,,,,,,,,,,,,,,,,,,,,,,,,,,Open World,Open World,,,,,,,,,,,NPC Corpse,,,,,,,,,,,,,,,,,,,,,,,,,,,,,,,,,,,,,,,,,,,,,,,,,,,,,,,,,No,,,,,,,,,,,,,,,,,,,,Available,,,,,Confirmed,Unconfirmed,,,,,,B17-CRU-SLAVE,
B17-CRU-048,17,,Crushbone,Shackle Key 19,Access Key,,,Yes,,,,,,,,,,,,,,Orc Slaver,,,,,,,,,,,,,,,,,,,,,,,,,,,"Notable Crushbone equipment, quest component, access item, or documented shared source.",,Core,,,,,Yes,1,,,,,,,,Add,,,,,,,,,,,,2026-07-27,,,,,,,,C,Current EQL exact NPC/item or current zone-table relationship.,None identified,,,,Official EQL update + Current EQL Wiki,,EQL-LOOT-1.0,loot,Active,,B17-CRU-048,,,No,Yes,,,,,,,,,,,Orc,,Orc Slaver,,Crushbone Shackle Key Series,Crushbone Orcs,Hostile,,,Indoor/Outdoor Dungeon Compound,,,,,,,,,,,,,,,,,,,,,,,,,,,,,,,,,Open World,Open World,,,,,,,,,,,NPC Corpse,,,,,,,,,,,,,,,,,,,,,,,,,,,,,,,,,,,,,,,,,,,,,,,,,,,,,,,,,No,,,,,,,,,,,,,,,,,,,,Available,,,,,Confirmed,Unconfirmed,,,,,,B17-CRU-SLAVE,
B17-CRU-049,17,,Crushbone,Shackle Key 20,Access Key,,,Yes,,,,,,,,,,,,,,Orc Slaver,,,,,,,,,,,,,,,,,,,,,,,,,,,"Notable Crushbone equipment, quest component, access item, or documented shared source.",,Core,,,,,Yes,1,,,,,,,,Add,,,,,,,,,,,,2026-07-27,,,,,,,,C,Current EQL exact NPC/item or current zone-table relationship.,None identified,,,,Official EQL update + Current EQL Wiki,,EQL-LOOT-1.0,loot,Active,,B17-CRU-049,,,No,Yes,,,,,,,,,,,Orc,,Orc Slaver,,Crushbone Shackle Key Series,Crushbone Orcs,Hostile,,,Indoor/Outdoor Dungeon Compound,,,,,,,,,,,,,,,,,,,,,,,,,,,,,,,,,Open World,Open World,,,,,,,,,,,NPC Corpse,,,,,,,,,,,,,,,,,,,,,,,,,,,,,,,,,,,,,,,,,,,,,,,,,,,,,,,,,No,,,,,,,,,,,,,,,,,,,,Available,,,,,Confirmed,Unconfirmed,,,,,,B17-CRU-SLAVE,
B17-CRU-050,17,,Crushbone,Shackle Key 21,Access Key,,,Yes,,,,,,,,,,,,,,Orc Slaver,,,,,,,,,,,,,,,,,,,,,,,,,,,"Notable Crushbone equipment, quest component, access item, or documented shared source.",,Core,,,,,Yes,1,,,,,,,,Add,,,,,,,,,,,,2026-07-27,,,,,,,,C,Current EQL exact NPC/item or current zone-table relationship.,None identified,,,,Official EQL update + Current EQL Wiki,,EQL-LOOT-1.0,loot,Active,,B17-CRU-050,,,No,Yes,,,,,,,,,,,Orc,,Orc Slaver,,Crushbone Shackle Key Series,Crushbone Orcs,Hostile,,,Indoor/Outdoor Dungeon Compound,,,,,,,,,,,,,,,,,,,,,,,,,,,,,,,,,Open World,Open World,,,,,,,,,,,NPC Corpse,,,,,,,,,,,,,,,,,,,,,,,,,,,,,,,,,,,,,,,,,,,,,,,,,,,,,,,,,No,,,,,,,,,,,,,,,,,,,,Available,,,,,Confirmed,Unconfirmed,,,,,,B17-CRU-SLAVE,
B17-CRU-051,17,,Crushbone,Shackle Key 22,Access Key,,,Yes,,,,,,,,,,,,,,Orc Slaver,,,,,,,,,,,,,,,,,,,,,,,,,,,"Notable Crushbone equipment, quest component, access item, or documented shared source.",,Core,,,,,Yes,1,,,,,,,,Add,,,,,,,,,,,,2026-07-27,,,,,,,,C,Current EQL exact NPC/item or current zone-table relationship.,None identified,,,,Official EQL update + Current EQL Wiki,,EQL-LOOT-1.0,loot,Active,,B17-CRU-051,,,No,Yes,,,,,,,,,,,Orc,,Orc Slaver,,Crushbone Shackle Key Series,Crushbone Orcs,Hostile,,,Indoor/Outdoor Dungeon Compound,,,,,,,,,,,,,,,,,,,,,,,,,,,,,,,,,Open World,Open World,,,,,,,,,,,NPC Corpse,,,,,,,,,,,,,,,,,,,,,,,,,,,,,,,,,,,,,,,,,,,,,,,,,,,,,,,,,No,,,,,,,,,,,,,,,,,,,,Available,,,,,Confirmed,Unconfirmed,,,,,,B17-CRU-SLAVE,
B17-CRU-052,17,,Crushbone,Shackle Key 23,Access Key,,,Yes,,,,,,,,,,,,,,Orc Slaver,,,,,,,,,,,,,,,,,,,,,,,,,,,"Notable Crushbone equipment, quest component, access item, or documented shared source.",,Core,,,,,Yes,1,,,,,,,,Add,,,,,,,,,,,,2026-07-27,,,,,,,,C,Current EQL exact NPC/item or current zone-table relationship.,None identified,,,,Official EQL update + Current EQL Wiki,,EQL-LOOT-1.0,loot,Active,,B17-CRU-052,,,No,Yes,,,,,,,,,,,Orc,,Orc Slaver,,Crushbone Shackle Key Series,Crushbone Orcs,Hostile,,,Indoor/Outdoor Dungeon Compound,,,,,,,,,,,,,,,,,,,,,,,,,,,,,,,,,Open World,Open World,,,,,,,,,,,NPC Corpse,,,,,,,,,,,,,,,,,,,,,,,,,,,,,,,,,,,,,,,,,,,,,,,,,,,,,,,,,No,,,,,,,,,,,,,,,,,,,,Available,,,,,Confirmed,Unconfirmed,,,,,,B17-CRU-SLAVE,
B17-CRU-053,17,,Crushbone,Shackle Key 24,Access Key,,,Yes,,,,,,,,,,,,,,Orc Slaver,,,,,,,,,,,,,,,,,,,,,,,,,,,"Notable Crushbone equipment, quest component, access item, or documented shared source.",,Core,,,,,Yes,1,,,,,,,,Add,,,,,,,,,,,,2026-07-27,,,,,,,,C,Current EQL exact NPC/item or current zone-table relationship.,None identified,,,,Official EQL update + Current EQL Wiki,,EQL-LOOT-1.0,loot,Active,,B17-CRU-053,,,No,Yes,,,,,,,,,,,Orc,,Orc Slaver,,Crushbone Shackle Key Series,Crushbone Orcs,Hostile,,,Indoor/Outdoor Dungeon Compound,,,,,,,,,,,,,,,,,,,,,,,,,,,,,,,,,Open World,Open World,,,,,,,,,,,NPC Corpse,,,,,,,,,,,,,,,,,,,,,,,,,,,,,,,,,,,,,,,,,,,,,,,,,,,,,,,,,No,,,,,,,,,,,,,,,,,,,,Available,,,,,Confirmed,Unconfirmed,,,,,,B17-CRU-SLAVE,
B17-CRU-054,17,,Crushbone,Crushbone Shoulderpads,,Shoulders,,,,,,,,,,,,,,,,Orc Warlord,,,,,,,,,,,,,,,,,,,,,,,,,,,"Notable Crushbone equipment, quest component, access item, or documented shared source.",,Core,,,,,Yes,1,,,,,,,,Add,,,,,,,,,,,,2026-07-27,,,,,,,,C,Current EQL exact NPC/item or current zone-table relationship.,None identified,,,,Official EQL update + Current EQL Wiki,,EQL-LOOT-1.0,loot,Active,,B17-CRU-054,,,Yes,Yes,,,,,,,,,,,Orc,,Orc Warlord,,Crushbone upper-tier orc table,Crushbone Orcs,Hostile,,,Indoor/Outdoor Dungeon Compound,,,,,,,,,,,,,,,,,,,,,,,,,,,,,,,,,Open World,Open World,,,,,,,,,,,NPC Corpse,,,,,,,,,,,,,,,,,,,,,,,,,,,,,,,,,,,,,,,,,,,,,,,,,,,,,,,,,No,,,,,,,,,,,,,,,,,,,,Available,,,,,Confirmed,Unconfirmed,,,,,,B17-CRU-CASTLE,
B17-CRU-055,17,,Crushbone,Crushbone Shoulderpads,,Shoulders,,,,,,,,,,,,,,,,Orc Legionnaire,,,,,,,,,,,,,,,,,,,,,,,,,,,"Notable Crushbone equipment, quest component, access item, or documented shared source.",,Core,,,,,Yes,1,,,,,,,,Add,,,,,,,,,,,,2026-07-27,,,,,,,,C,Current EQL exact NPC/item or current zone-table relationship.,None identified,,,,Official EQL update + Current EQL Wiki,,EQL-LOOT-1.0,loot,Active,,B17-CRU-055,,,Yes,Yes,,,,,,,,,,,Orc,,Orc Legionnaire,,Crushbone upper-tier orc table,Crushbone Orcs,Hostile,,,Indoor/Outdoor Dungeon Compound,,,,,,,,,,,,,,,,,,,,,,,,,,,,,,,,,Open World,Open World,,,,,,,,,,,NPC Corpse,,,,,,,,,,,,,,,,,,,,,,,,,,,,,,,,,,,,,,,,,,,,,,,,,,,,,,,,,No,,,,,,,,,,,,,,,,,,,,Available,,,,,Confirmed,Unconfirmed,,,,,,B17-CRU-TRAIN,
B17-CRU-056,17,,Crushbone,Crushbone Shoulderpads,,Shoulders,,,,,,,,,,,,,,,,Orc Emissary,,,,,,,,,,,,,,,,,,,,,,,,,,,"Notable Crushbone equipment, quest component, access item, or documented shared source.",,Core,,,,,Yes,1,,,,,,,,Add,,,,,,,,,,,,2026-07-27,,,,,,,,C,Current EQL exact NPC/item or current zone-table relationship.,None identified,,,,Official EQL update + Current EQL Wiki,,EQL-LOOT-1.0,loot,Active,,B17-CRU-056,,,Yes,Yes,,,,,,,,,,,Orc,,Orc Emissary,,Crushbone upper-tier orc table,Crushbone Orcs,Hostile,,,Indoor/Outdoor Dungeon Compound,,,,,,,,,,,,,,,,,,,,,,,,,,,,,,,,,Open World,Open World,,,,,,,,,,,NPC Corpse,,,,,,,,,,,,,,,,,,,,,,,,,,,,,,,,,,,,,,,,,,,,,,,,,,,,,,,,,No,,,,,,,,,,,,,,,,,,,,Available,,,,,Confirmed,Unconfirmed,,,,,,B17-CRU-CASTLE,
B17-CRU-057,17,,Crushbone,Crushbone Belt,,,,,,,,Yes,,,,,,,,,,Orc Centurion population,,,,,,,,,,,,,,,,,,,,,,,,,,,"Notable Crushbone equipment, quest component, access item, or documented shared source.",,Core,,,,,Yes,1,,,,,,,,Add,,,,,,,,,,,,2026-07-27,,,,,,,,C,Current EQL exact NPC/item or current zone-table relationship.,None identified,,,,Official EQL update + Current EQL Wiki,,EQL-LOOT-1.0,loot,Active,,B17-CRU-057,,,Yes,Yes,,,,,,,,,,,Orc,,Orc Centurion population,,Crushbone centurion belt table,Crushbone Orcs,Hostile,,,Indoor/Outdoor Dungeon Compound,,,,,,,,,,,,,,,,,,,,,,,,,,,,,,,,,Open World,Open World,,,,,,,,,,,NPC Corpse,,,,,,,,,,,,,,,,,,,,,,,,,,,,,,,,,,,,,,,,,,,,,,,,,,,,,,,,,No,,,,,,,,,,,,Dropped Component,,,,,,,,Available,,,,,Confirmed,Unconfirmed,,,,,,B17-CRU-OUTER,
B17-CRU-058,17,,Crushbone,Orc Hatchet,,Primary; Secondary,,,,,,,,,,,,,,,,Orc Pawn population,,,,,,,,,,,,,,,,,,,,,,,,,,,"Notable Crushbone equipment, quest component, access item, or documented shared source.",,Core,,,,,Yes,1,,,,,,,,Add,,,,,,,,,,,,2026-07-27,,,,,,,,C,Current EQL exact NPC/item or current zone-table relationship.,None identified,,,,Official EQL update + Current EQL Wiki,,EQL-LOOT-1.0,loot,Active,,B17-CRU-058,,,Yes,Yes,,,,,,,,,,,Orc,,Orc Pawn population,,Faydwer Orc Pawn table,Crushbone Orcs,Hostile,,,Indoor/Outdoor Dungeon Compound,,,,,,,,,,,,,,,,,,,,,,,,,,,,,,,,,Open World,Open World,,,,,,,,,,,NPC Corpse,,,,,,,,,,,,,,,,,,,,,,,,,,,,,,,,,,,,,,,,,,,,,,,,,,,,,,,,,No,,,,,,,,,,,,,,,,,,,,Available,,,,,Confirmed,Unconfirmed,,,,,,B17-CRU-OUTER,
B17-CRU-059,17,,Crushbone,Tergon's Spellbook,,,,,,,,Yes,,,,,,,,,,high-level castle orc population,,,,,,,,,,,,,,,,,,,,,,,,,,,"Notable Crushbone equipment, quest component, access item, or documented shared source.",Documented secondary current sources,Core,,,,,Yes,1,,,,,,,,Add,,,,,,,,,,,,2026-07-27,,,,,,,,C,Current EQL exact NPC/item or current zone-table relationship.,None identified,,,,Official EQL update + Current EQL Wiki,,EQL-LOOT-1.0,loot,Active,,B17-CRU-059,,,No,Yes,,,,,,,,,,,Orc,,high-level castle orc population,,,Crushbone Orcs,Hostile,,,Indoor/Outdoor Dungeon Compound,,,,,,,,,,,,,,,,,,,,,,,,,,,,,,,,,Open World,Open World,,,,,,,,,,,NPC Corpse,,,,,,,,,,,,,,,,,,,,,,,,,,,,,,,,,,,,,,,,,,,,,,,,,,,,,,,,,No,,,,,,,,,,Tergon's Spellbook Quest,,Dropped Component,,,,,,,,Available,,,,,Confirmed,Unconfirmed,,,,,,B17-CRU-CASTLE,
B17-CRU-060,17,,Crushbone,Black Heart,,,,,,,,Yes,,,,,,,,,,Ambassador DVinn / documented alternate source context,,,,,,,,,,,,,,,,,,,,,,,,,,,"Notable Crushbone equipment, quest component, access item, or documented shared source.",Crushbone source kept separate from other-zone source,Core,,,,,Yes,1,,,,,,,,Add,,,,,,,,,,,,2026-07-27,,,,,,,,C,Current EQL exact NPC/item or current zone-table relationship.,None identified,,,,Official EQL update + Current EQL Wiki,,EQL-LOOT-1.0,loot,Active,,B17-CRU-060,,,No,Yes,,,,,,,,,,,,,Ambassador DVinn / documented alternate source context,,,,Hostile,,,Indoor/Outdoor Dungeon Compound,,,,,,,,,,,,,,,,,,,,,,,,,,,,,,,,,Open World,Open World,,,,,,,,,,,NPC Corpse,,,,,,,,,,,,,,,,,,,,,,,,,,,,,,,,,,,,,,,,,,,,,,,,,,,,,,,,,No,,,,,,,,,,,,Dropped Component,,,,,,,,Available,,,,,Confirmed,Unconfirmed,,,,,,B17-CRU-CASTLE,
B17-CRU-061,17,,Crushbone,Crushbone Belt,,,,,,,,Yes,,,,,,,,,,Orc Legionnaire population,,,,,,,,,,,,,,,,,,,,,,,,,,,"Notable Crushbone equipment, quest component, access item, or documented shared source.",,Core,,,,,Yes,1,,,,,,,,Add,,,,,,,,,,,,2026-07-27,,,,,,,,D,Zone-level shared-population association retained with caution.,None identified,,,,Official EQL update + Current EQL Wiki,,EQL-LOOT-1.0,loot,Active,,B17-CRU-061,,,Yes,Yes,,,,,,,,,,,Orc,,Orc Legionnaire population,,,Crushbone Orcs,Hostile,,,Indoor/Outdoor Dungeon Compound,,,,,,,,,,,,,,,,,,,,,,,,,,,,,,,,,Open World,Open World,,,,,,,,,,,NPC Corpse,,,,,,,,,,,,,,,,,,,,,,,,,,,,,,,,,,,,,,,,,,,,,,,,,,,,,,,,,No,,,,,,,,,,,,Dropped Component,,,,,,,,Available,,,,,Confirmed,Unconfirmed,,,,,,B17-CRU-TRAIN,
B17-CRU-062,17,,Crushbone,Crushbone Belt,,,,,,,,Yes,,,,,,,,,,Orc Emissary population,,,,,,,,,,,,,,,,,,,,,,,,,,,"Notable Crushbone equipment, quest component, access item, or documented shared source.",,Core,,,,,Yes,1,,,,,,,,Add,,,,,,,,,,,,2026-07-27,,,,,,,,D,Zone-level shared-population association retained with caution.,None identified,,,,Official EQL update + Current EQL Wiki,,EQL-LOOT-1.0,loot,Active,,B17-CRU-062,,,Yes,Yes,,,,,,,,,,,Orc,,Orc Emissary population,,,Crushbone Orcs,Hostile,,,Indoor/Outdoor Dungeon Compound,,,,,,,,,,,,,,,,,,,,,,,,,,,,,,,,,Open World,Open World,,,,,,,,,,,NPC Corpse,,,,,,,,,,,,,,,,,,,,,,,,,,,,,,,,,,,,,,,,,,,,,,,,,,,,,,,,,No,,,,,,,,,,,,Dropped Component,,,,,,,,Available,,,,,Confirmed,Unconfirmed,,,,,,B17-CRU-CASTLE,
B17-CRU-063,17,,Crushbone,Dwarven Mace Quest Component Group,Quest Component Group,,,,,,,Yes,,,,,,,,,,Orc Trainer / Emperor Crush / Orc Warlord,,,,,,,,,,,,,,,,,,,,,,,,,,,"Notable Crushbone equipment, quest component, access item, or documented shared source.",,Core,,,,,Yes,1,,,,,,,,Add,,,,,,,,,,,,2026-07-27,,,,,,,,D,Current EQL exact NPC/item or current zone-table relationship.,None identified,,,,Official EQL update + Current EQL Wiki,,EQL-LOOT-1.0,loot,Active,,B17-CRU-063,,,No,Yes,,,,,,,,,,,Orc,,Orc Trainer / Emperor Crush / Orc Warlord,,,Crushbone Orcs,Hostile,,,Indoor/Outdoor Dungeon Compound,,,,,,,,,,,,,,,,,,,,,,,,,,,,,,,,,Open World,Open World,,,,,,,,,,,NPC Corpse,,,,,,,,,,,,,,,,,,,,,,,,,,,,,,,,,,,,,,,,,,,,,,,,,,,,,,,,,No,,,,,,,,,,Screaming Mace Quest,,,,,,,,,,Available,,,,,Confirmed,Unconfirmed,,,,,,B17-CRU-CASTLE,
B17-CRU-064,17,,Crushbone,Prayer Cloth Quest Component Group,Quest Component Group,,,,,,,Yes,,,,,,,,,,Elven priest / Crushbone quest population,,,,,,,,,,,,,,,,,,,,,,,,,,,"Notable Crushbone equipment, quest component, access item, or documented shared source.",,Core,,,,,Yes,1,,,,,,,,Add,,,,,,,,,,,,2026-07-27,,,,,,,,D,Current EQL exact NPC/item or current zone-table relationship.,None identified,,,,Official EQL update + Current EQL Wiki,,EQL-LOOT-1.0,loot,Active,,B17-CRU-064,,,No,Yes,,,,,,,,,,,,,Elven priest / Crushbone quest population,,,,Hostile,,,Indoor/Outdoor Dungeon Compound,,,,,,,,,,,,,,,,,,,,,,,,,,,,,,,,,Open World,Open World,,,,,,,,,,,NPC Corpse,,,,,,,,,,,,,,,,,,,,,,,,,,,,,,,,,,,,,,,,,,,,,,,,,,,,,,,,,No,,,,,,,,,,Screaming Mace Quest,,,,,,,,,,Available,,,,,Confirmed,Unconfirmed,,,,,,B17-CRU-SLAVE,
B17-CRU-065,17,,Crushbone,Slave Key Family,Access Key Family,,,,,,,,,,,,,,,,,Orc Slaver population,,,,,,,,,,,,,,,,,,,,,,,,,,,"Notable Crushbone equipment, quest component, access item, or documented shared source.",,Core,,,,,Yes,1,,,,,,,,Add,,,,,,,,,,,,2026-07-27,,,,,,,,C,Current EQL exact NPC/item or current zone-table relationship.,None identified,,,,Official EQL update + Current EQL Wiki,,EQL-LOOT-1.0,loot,Active,,B17-CRU-065,,,No,Yes,,,,,,,,,,,Orc,,Orc Slaver population,,Crushbone slave-key system,Crushbone Orcs,Hostile,,,Indoor/Outdoor Dungeon Compound,,,,,,,,,,,,,,,,,,,,,,,,,,,,,,,,,Open World,Open World,,,,,,,,,,,NPC Corpse,,,,,,,,,,,,,,,,,,,,,,,,,,,,,,,,,,,,,,,,,,,,,,,,,,,,,,,,,No,,,,,,,,,,,,,,,,,,,,Available,,,,,Confirmed,Unconfirmed,,,,,,B17-CRU-SLAVE,
B17-CRU-066,17,,Crushbone,Large Bag,Container,,,Yes,,,,,,,,,,,,,,Orc Pawn (Crushbone),,,,,,,,,,,,,,,,,,,,,,,,,,,"Notable Crushbone equipment, quest component, access item, or documented shared source.",,Core,,,,,Yes,1,,,,,,,,Add,,,,,,,,,,,,2026-07-27,,,,,,,,C,Current EQL exact NPC/item or current zone-table relationship.,None identified,,,,Official EQL update + Current EQL Wiki,,EQL-LOOT-1.0,loot,Active,,B17-CRU-066,,,No,Yes,,,,,,,,,,,Orc,,Orc Pawn (Crushbone),,,Crushbone Orcs,Hostile,,,Indoor/Outdoor Dungeon Compound,,,,,,,,,,,,,,,,,,,,,,,,,,,,,,,,,Open World,Open World,,,,,,,,,,,NPC Corpse,,,,,,,,,,,,,,,,,,,,,,,,,,,,,,,,,,,,,,,,,,,,,,,,,,,,,,,,,No,,,,,,,,,,,,,,,,,,,,Available,,,,,Confirmed,Unconfirmed,,,,,,B17-CRU-OUTER,
B17-CRU-067,17,,Crushbone,Torn Elvish Tapestry,,Back,,,,,,Yes,,,,,,,,,,Lord Darish,,,,,,,,,,,,,,,,,,,,,,,,,,,"Notable Crushbone equipment, quest component, access item, or documented shared source.",,Core,,,,,Yes,1,,AC 6; CHA 4; MR 5,,,,,,Add,,,,,,,,,,,,2026-07-27,,,,,,,,C,Current EQL exact NPC/item or current zone-table relationship.,None identified,,,,Official EQL update + Current EQL Wiki,,EQL-LOOT-1.0,loot,Active,,B17-CRU-067,,,Yes,Yes,,,,,,,,,,,Orc,,Lord Darish,,,Crushbone Orcs,Hostile,,,Indoor/Outdoor Dungeon Compound,,,,,,,,,,,,,,,,,,,,,,,,,,,,,,,,,Open World,Open World,,,,,,,,,,,NPC Corpse,,,,,,,,,,,,,,,,,,,,,,,,,,,,,,,,,,,,,,,,,,,,,,,,,,,,,,,,,No,,,,,,,,,,,,,,,,,,,,Available,,,,,Confirmed,Unconfirmed,,,,,,B17-CRU-CASTLE,
B17-CRU-068,17,,Crushbone,Master Crushbone Cell Key,Access Key,,,Yes,,,,,,,,,,,,,,Orc Slaver population,,,,,,,,,,,,,,,,,,,,,,,,,,,"Notable Crushbone equipment, quest component, access item, or documented shared source.",,Core,,,,,Yes,1,,,,,,,,Add,,,,,,,,,,,,2026-07-27,,,,,,,,C,Current EQL exact NPC/item or current zone-table relationship.,None identified,,,,Official EQL update + Current EQL Wiki,,EQL-LOOT-1.0,loot,Active,,B17-CRU-068,,,No,Yes,,,,,,,,,,,Orc,,Orc Slaver population,,Crushbone cell-key system,Crushbone Orcs,Hostile,,,Indoor/Outdoor Dungeon Compound,,,,,,,,,,,,,,,,,,,,,,,,,,,,,,,,,Open World,Open World,,,,,,,,,,,NPC Corpse,,,,,,,,,,,,,,,,,,,,,,,,,,,,,,,,,,,,,,,,,,,,,,,,,,,,,,,,,No,,,,,,,,,,,,,,,,,,,,Available,,,,,Confirmed,Unconfirmed,,,,,,B17-CRU-SLAVE,
B17-CRU-069,17,,Crushbone,Bracers of Battle,,Wrist,,,,,,,,,,,,,,,,Orc Warden / Orc Warlord,,,,,,,,,,,,,,,,,,,,,,,,,,,"Notable Crushbone equipment, quest component, access item, or documented shared source.",,Core,,,,,Yes,1,,,,,,,,Add,,,,,,,,,,,,2026-07-27,,,,,,,,C,Current EQL exact NPC/item or current zone-table relationship.,None identified,,,,Official EQL update + Current EQL Wiki,,EQL-LOOT-1.0,loot,Active,,B17-CRU-069,,,Yes,Yes,,,,,,,,,,,Orc,,Orc Warden / Orc Warlord,,Crushbone named bracer sources,Crushbone Orcs,Hostile,,,Indoor/Outdoor Dungeon Compound,,,,,,,,,,,,,,,,,,,,,,,,,,,,,,,,,Open World,Open World,,,,,,,,,,,NPC Corpse,,,,,,,,,,,,,,,,,,,,,,,,,,,,,,,,,,,,,,,,,,,,,,,,,,,,,,,,,No,,,,,,,,,,,,,,,,,,,,Available,,,,,Confirmed,Unconfirmed,,,,,,B17-CRU-CASTLE,
B17-CRU-ENC-001,17,,Crushbone,Orc Pawn Population,,,,,,,,,,,,,,,,,,,,,,,,,,,,,,,,,,,,,,,,,,,,,,,Supplemental,,,,,Yes,1,,,,,,1-2,,Add,,,,,,,,,,,,2026-07-27,,,,,,,,C,"Current EQL encounter, camp, or population documentation.",Not applicable,,,,Official EQL update + Current EQL Wiki,,EQL-LOOT-1.0,encounter_metadata,Metadata,,B17-CRU-ENC-001,,,No,No,Encounter metadata; not an ordinary loot result.,,,,,,,,,,,Crushbone Orc Pawn,,,,,,,,Indoor/Outdoor Dungeon Compound,,,,,,,,,,Orc Pawn Population,Shared Population,,,,,,,,,,,,,,,,,,,,,,Open World,Open World,,,,,,,,,,,,,,,,,,,,,,,,,,,,,,,,,,,,,,,,,,,,,,,,,,,,,,,,,,,,,,,,,,,,No,,,,,,,,,,,,,,,,,,,,Available,,,,,Confirmed,Unconfirmed,,,,,,B17-CRU-OUTER,
B17-CRU-ENC-002,17,,Crushbone,Orc Centurion Population,,,,,,,,,,,,,,,,,,,,,,,,,,,,,,,,,,,,,,,,,,,,,,,Supplemental,,,,,Yes,1,,,,,,3-10,,Add,,,,,,,,,,,,2026-07-27,,,,,,,,C,"Current EQL encounter, camp, or population documentation.",Not applicable,,,,Official EQL update + Current EQL Wiki,,EQL-LOOT-1.0,encounter_metadata,Metadata,,B17-CRU-ENC-002,,,No,No,Encounter metadata; not an ordinary loot result.,,,,,,,,,,,Crushbone Orc Centurion,,,,,,,,Indoor/Outdoor Dungeon Compound,,,,,,,,,,Orc Centurion Population,Shared Population,,,,,,,,,,,,,,,,,,,,,,Open World,Open World,,,,,,,,,,,,,,,,,,,,,,,,,,,,,,,,,,,,,,,,,,,,,,,,,,,,,,,,,,,,,,,,,,,,No,,,,,,,,,,,,,,,,,,,,Available,,,,,Confirmed,Unconfirmed,,,,,,B17-CRU-OUTER,
B17-CRU-ENC-003,17,,Crushbone,Orc Legionnaire Population,,,,,,,,,,,,,,,,,,,,,,,,,,,,,,,,,,,,,,,,,,,,,,,Supplemental,,,,,Yes,1,,,,,,,,Add,,,,,,,,,,,,2026-07-27,,,,,,,,C,"Current EQL encounter, camp, or population documentation.",Not applicable,,,,Official EQL update + Current EQL Wiki,,EQL-LOOT-1.0,encounter_metadata,Metadata,,B17-CRU-ENC-003,,,No,No,Encounter metadata; not an ordinary loot result.,,,,,,,,,,,Crushbone Orc Legionnaire,,,,,,,,Indoor/Outdoor Dungeon Compound,,,,,,,,,,Orc Legionnaire Population,Shared Population,,,,,,,,,,,,,,,,,,,,,,Open World,Open World,,,,,,,,,,,,,,,,,,,,,,,,,,,,,,,,,,,,,,,,,,,,,,,,,,,,,,,,,,,,,,,,,,,,No,,,,,,,,,,,,,,,,,,,,Available,,,,,Confirmed,Unconfirmed,,,,,,B17-CRU-TRAIN,
B17-CRU-ENC-004,17,,Crushbone,Orc Oracle — Classic Population,,,,,,,,,,,,,,,,,,,,,,,,,,,,,,,,,,,,,,,,,,,,,,,Supplemental,,,,,Yes,1,,,,,,9,,Add,,,,,,,,,,,,2026-07-27,,,,,,,,C,"Current EQL encounter, camp, or population documentation.",Not applicable,,,,Official EQL update + Current EQL Wiki,,EQL-LOOT-1.0,encounter_metadata,Metadata,,B17-CRU-ENC-004,,,No,No,Encounter metadata; not an ordinary loot result.,,,,,,,,,,,,,,,,,,,Indoor/Outdoor Dungeon Compound,,,,,,,,,,Orc Oracle — Classic Population,Caster Population,,,,,,,,,,,,,,,,,,,,,,Open World,Open World,,,,,,,,,,,,,,,,,,,,,,,,,,,,,,,,,,,,,,,,,,,,,,,,,,,,,,,,,,,,,,,,,,,,No,,,,,,,,,,,,,,,,,,,,Available,,,,,Confirmed,Unconfirmed,,,,,,B17-CRU-OUTER,
B17-CRU-ENC-005,17,,Crushbone,Orc Oracle — EQL High-Level Population,,,,,,,,,,,,,,,,,,,,,,,,,,,,,,,,,,,,,,,,,,,,,,,Supplemental,,,,,Yes,1,,,,,,19-21,,Add,,,,,,,,,,,,2026-07-27,,,,,,,,C,"Current EQL encounter, camp, or population documentation.",Not applicable,,,,Official EQL update + Current EQL Wiki,,EQL-LOOT-1.0,encounter_metadata,Metadata,,B17-CRU-ENC-005,,,No,No,Encounter metadata; not an ordinary loot result.,,,,,,,,,,,,,,,,,,,Indoor/Outdoor Dungeon Compound,,,,,,,,,,Orc Oracle — EQL High-Level Population,EQL-Expanded Caster Population,,,,,,,,,,,,,,,,,,,,,,Open World,Open World,,,,,,,,,,,,,,,,,,,,,,,,,,,,,,,,,,,,,,,,,,,,,,,,,,,,,,,,,,,,,,,,,,,,No,,,,,,,,,,,,,,,,,,,,Available,,,,,Confirmed,Unconfirmed,,,,,,B17-CRU-CASTLE,
B17-CRU-ENC-006,17,,Crushbone,Orc Emissary Population,,,,,,,,,,,,,,,,,,,,,,,,,,,,,,,,,,,,,,,,,,,,,,,Supplemental,,,,,Yes,1,,,,,,,,Add,,,,,,,,,,,,2026-07-27,,,,,,,,C,"Current EQL encounter, camp, or population documentation.",Not applicable,,,,Official EQL update + Current EQL Wiki,,EQL-LOOT-1.0,encounter_metadata,Metadata,,B17-CRU-ENC-006,,,No,No,Encounter metadata; not an ordinary loot result.,,,,,,,,,,,,,,,,,,,Indoor/Outdoor Dungeon Compound,,,,,,,,,,Orc Emissary Population,Shared Population,,,,,,,,,,,,,,,,,,,,,,Open World,Open World,,,,,,,,,,,,,,,,,,,,,,,,,,,,,,,,,,,,,,,,,,,,,,,,,,,,,,,,,,,,,,,,,,,,No,,,,,,,,,,,,,,,,,,,,Available,,,,,Confirmed,Unconfirmed,,,,,,B17-CRU-CASTLE,
B17-CRU-ENC-007,17,,Crushbone,Orc Slaver Population,,,,,,,,,,,,,,,,,,,,,,,,,,,,,,,,,,,,,,,,,,,,,,,Supplemental,,,,,Yes,1,,,,,,,,Add,,,,,,,,,,,,2026-07-27,,,,,,,,C,"Current EQL encounter, camp, or population documentation.",Not applicable,,,,Official EQL update + Current EQL Wiki,,EQL-LOOT-1.0,encounter_metadata,Metadata,,B17-CRU-ENC-007,,,No,No,Encounter metadata; not an ordinary loot result.,,,,,,,,,,,,,,,,,,,Indoor/Outdoor Dungeon Compound,,,,,,,,,,Orc Slaver Population,Shared Population / Key Holder,,,,,,,,,,,,,,,,,,,,,,Open World,Open World,,,,,,,,,,,,,,,,,,,,,,,,,,,,,,,,,,,,,,,,,,,,,,,,,,,,,,,,,,,,,,,,,,,,No,,,,,,,,,,,,,,,,,,,,Available,,,,,Confirmed,Unconfirmed,,,,,,B17-CRU-SLAVE,
B17-CRU-ENC-008,17,,Crushbone,Orc Royal Guard,,,,,,,,,,,,,,,,,,,,,,,,,,,,,Invisible until aggroed,,,,,,,,,,,,,,,,,,Supplemental,,,,,Yes,1,,,,,,15,,Add,,,,,,,,,,,,2026-07-27,,,,,,,,C,"Current EQL encounter, camp, or population documentation.",Not applicable,,,,Official EQL update + Current EQL Wiki,,EQL-LOOT-1.0,encounter_metadata,Metadata,,B17-CRU-ENC-008,,,No,No,Encounter metadata; not an ordinary loot result.,,,,,,,,,,,,,,,,,,,Indoor/Outdoor Dungeon Compound,,,,Rear throne passage,,,,,,Orc Royal Guard,Static Castle Guard,,,,,,,,,,,,,,,,,,,,,,Open World,Open World,,,,,,,,,,,,,,,,,,,,,,,,,,,,,,,,,,,,,,,,,,,,,,,,,,,,,,,,,,,,,,,,,,,,No,,,,,,,,,,,,,,,,,,,,Available,,,,,Confirmed,Unconfirmed,,,,,,B17-CRU-CASTLE,
B17-CRU-ENC-009,17,,Crushbone,Orc Taskmaster,,,,,,,,,,,,,,,,,,,,,,,,,,,,,,,,,,,,,,,,,,,,,,,Supplemental,,,,,Yes,1,,,,,,12,,Add,,,,,,,,,,,,2026-07-27,,,,,,,,C,"Current EQL encounter, camp, or population documentation.",Not applicable,,,,Official EQL update + Current EQL Wiki,,EQL-LOOT-1.0,encounter_metadata,Metadata,,B17-CRU-ENC-009,,,No,No,Encounter metadata; not an ordinary loot result.,,,,,,,,,,,,,,,,,,,Indoor/Outdoor Dungeon Compound,,,,,"245, -152",,,,,Orc Taskmaster,Named Encounter,,,,,,,,,,,,,,,,,,,,,,Open World,Open World,,,,,,,,,,,,,,,,,,,,,,,,,,,,,,,,,,,,,,,,,,,,,,,,,,,,,,,,,,,,,,,,,,,,No,,,,,,,,,,,,,,,,,,,,Available,,,,,Confirmed,Unconfirmed,,,,,,B17-CRU-PIT,
B17-CRU-ENC-010,17,,Crushbone,Bloodgurgler,,,,,,,,,,,,,,,,,,,,,,,,,,,,,,,,,,,,,,,,,,,,,,,Supplemental,,,,,Yes,1,,,,,,Approximately 19,,Add,,,,,,,,,,,,2026-07-27,,,,,,,,C,"Current EQL encounter, camp, or population documentation.",Not applicable,,,,Official EQL update + Current EQL Wiki,,EQL-LOOT-1.0,encounter_metadata,Metadata,,B17-CRU-ENC-010,,,No,No,Encounter metadata; not an ordinary loot result.,,,,,,,,,,,,,,,,,,,Indoor/Outdoor Dungeon Compound,,,,Slaver pit,,,,,,Bloodgurgler,EQL-Expanded Named Encounter,,,,,,,,,,,,,,,,,,,,,,Open World,Open World,,,,,,,,,,,,,,,,,,,,,,,,,,,,,,,,,,,,,,,,,,,,,,,,,,,,,,,,,,,,,,,,,,,,No,,,,,,,,,,,,,,,,,,,,Available,,,,,Confirmed,Unconfirmed,,,,,,B17-CRU-PIT,
B17-CRU-ENC-011,17,,Crushbone,Orc Warden,,,,,,,,,,,,,,,,,,,,,,,,,,,,,,,,,,,,,,,,,,,,,,,Supplemental,,,,,Yes,1,,,,,,15,,Add,,,,,,,,,,,,2026-07-27,,,,,,,,C,"Current EQL encounter, camp, or population documentation.",Not applicable,,,,Official EQL update + Current EQL Wiki,,EQL-LOOT-1.0,encounter_metadata,Metadata,,B17-CRU-ENC-011,,,No,No,Encounter metadata; not an ordinary loot result.,,,,,,,,,,,,,,,,,,,Indoor/Outdoor Dungeon Compound,,,,,"107, 435",,,,,Orc Warden,Named Key Holder,,,,,,,,,,,,,,,,,,,,,,Open World,Open World,,,,,,,,,,,,,,,,,,,,,,,,,,,,,,,,,,,,,,,,,,,,,,,,,,,,,,,,,,,,,,,,,,,,No,,,,,,,,,,,,,,,,,,,,Available,,,,,Confirmed,Unconfirmed,,,,,,B17-CRU-SLAVE,
B17-CRU-ENC-012,17,,Crushbone,Orc Trainer,,,,,,,,,,,,,,,,,,,,,,,,,,,,,,,,,,,,,,,,,,,,,,,Supplemental,,,,,Yes,1,,,,,,,,Add,,,,,,,,,,,,2026-07-27,,,,,,,,C,"Current EQL encounter, camp, or population documentation.",Not applicable,,,,Official EQL update + Current EQL Wiki,,EQL-LOOT-1.0,encounter_metadata,Metadata,,B17-CRU-ENC-012,,,No,No,Encounter metadata; not an ordinary loot result.,,,,,,,,,,,,,,,,,,,Indoor/Outdoor Dungeon Compound,,,,Trainer Hill,,,,,,Orc Trainer,Named Encounter,,,,,,,,,,,,,,,,,,,,,,Open World,Open World,,,,,,,,,,,,,,,,,,,,,,,,,,,,,,,,,,,,,,,,,,,,,,,,,,,,,,,,,,,,,,,,,,,,No,,,,,,,,,,,,,,,,,,,,Available,,,,,Confirmed,Unconfirmed,,,,,,B17-CRU-TRAIN,
B17-CRU-ENC-013,17,,Crushbone,Orc Warlord,,,,,,,,,,,,,,,,,,,,,,,,,,,9 minutes,,,,,,,,,,,,,,,,,,,,Supplemental,,,,,Yes,1,,,,,,16,,Add,,,,,,,,,,,,2026-07-27,,,,,,,,C,"Current EQL encounter, camp, or population documentation.",Not applicable,,,,Official EQL update + Current EQL Wiki,,EQL-LOOT-1.0,encounter_metadata,Metadata,,B17-CRU-ENC-013,,,No,No,Encounter metadata; not an ordinary loot result.,,,,,,,,,,,,,,,,,,,Indoor/Outdoor Dungeon Compound,,,,,,,Patrols between outside round table and rear throne room.,,,Orc Warlord,Named Patrol,,,,,,,,,,,,an orc emissary,,,,,,,,,,Open World,Open World,,,,,,,,,,,,,,,,,,,,,,,,,,,,,,,,,,,,,,,,,,,,,,,,,,,,,,,,,,,,,,,,,,,,No,,,,,,,,,,,,,,,,,,,,Available,,,,,Confirmed,Unconfirmed,,,,,,B17-CRU-CASTLE,
B17-CRU-ENC-014,17,,Crushbone,Chokehold,,,,,,,,,,,,,,,,,,,,,,,,,,,,,Reported immune to physical damage,,,,,,,,,,,,,,,,,,Supplemental,,,,,Yes,1,,,,,,Approximately 20,,Add,,,,,,,,,,,,2026-07-27,,,,,,,,C,"Current EQL encounter, camp, or population documentation.",Not applicable,,,,Official EQL update + Current EQL Wiki,,EQL-LOOT-1.0,encounter_metadata,Metadata,,B17-CRU-ENC-014,,,No,No,Encounter metadata; not an ordinary loot result.,,,,,,,,,,,,,,,,,,,Indoor/Outdoor Dungeon Compound,,,,,"185, -4, 4",,,,,Chokehold,EQL-Expanded Named Encounter,,,,,,,,,,,,,,,,,,,,,,Open World,Open World,,,,,,,,,,,,,,,,,,,,,,,,,,,,,,,,,,,,,,,,,,,,,,,,,,,,,,,,,,,,,,,,,,,,No,,,,,,,,,,,,,,,,,,,,Available,,,,,Confirmed,Unconfirmed,,,,,,B17-CRU-CASTLE,
B17-CRU-ENC-015,17,,Crushbone,Marrowbane,,,,,,,,,,,,,,,,,,,,,,,,,,,,,,,,,,,,,,,,,,,,,,,Supplemental,,,,,Yes,1,,,,,,19-21,,Add,,,,,,,,,,,,2026-07-27,,,,,,,,C,"Current EQL encounter, camp, or population documentation.",Not applicable,,,,Official EQL update + Current EQL Wiki,,EQL-LOOT-1.0,encounter_metadata,Metadata,,B17-CRU-ENC-015,,,No,No,Encounter metadata; not an ordinary loot result.,,,,,,,,,,,,,,,,,,,Indoor/Outdoor Dungeon Compound,,,,North of keep entrance,,,,,,Marrowbane,EQL-Expanded Named Encounter,,,,,,,,,,,,,,,,,,,,,,Open World,Open World,,,,,,,,,,,,,,,,,,,,,,,,,,,,,,,,,,,,,,,,,,,,,,,,,,,,,,,,,,,,,,,,,,,,No,,,,,,,,,,,,,,,,,,,,Available,,,,,Confirmed,Unconfirmed,,,,,,B17-CRU-CASTLE,
B17-CRU-ENC-016,17,,Crushbone,Rondo Dunfire,,,,,,,,,,,,,,,,,,,,,,,,,,,,,,,,,,,,,,,,,,,,,,,Supplemental,,,,,Yes,1,,,,,,9,,Add,,,,,,,,,,,,2026-07-27,,,,,,,,C,"Current EQL encounter, camp, or population documentation.",Not applicable,,,,Official EQL update + Current EQL Wiki,,EQL-LOOT-1.0,encounter_metadata,Metadata,,B17-CRU-ENC-016,,,No,No,Encounter metadata; not an ordinary loot result.,,,,,,,,,,,,,,,,,,,Indoor/Outdoor Dungeon Compound,,,,,,,,,,Rondo Dunfire,Named Quest Target,,,,,,,,,,,,,,,,,,,,,,Open World,Open World,,,,,,,,,,,,,,,,,,,,,,,,,,,,,,,,,,,,,,,,,,,,,,,,,,,,,,,,,,,,,,,,,,,,No,,,,,,,,,,,,,,,,,,,,Available,,,,,Confirmed,Unconfirmed,,,,,,B17-CRU-SLAVE,
B17-CRU-ENC-017,17,,Crushbone,Retlon Brenclog,,,,,,,,,,,,,,,,,,,,,,,,,,,,,,,,,,,,,,,,,,,,,,,Supplemental,,,,,Yes,1,,,,,,16,,Add,,,,,,,,,,,,2026-07-27,,,,,,,,C,"Current EQL encounter, camp, or population documentation.",Not applicable,,,,Official EQL update + Current EQL Wiki,,EQL-LOOT-1.0,encounter_metadata,Metadata,,B17-CRU-ENC-017,,,No,No,Encounter metadata; not an ordinary loot result.,Critical,,,,,,,Prisoner / Quest NPC,,,,,,,,,,,Indoor/Outdoor Dungeon Compound,,,,,"274, -136",,,,,Retlon Brenclog,Protected Prisoner / Quest NPC,,,,,,,,,,,,,,,,,,,,,,Open World,Open World,,,,,,,,,,,,,,,,,,,,,,,,,,,,,,,,,,,,,,,,,,,,,,,,,,,,,,,,,,,,,,,,,,,,No,,,,,,,,,,,,,,,,,,,,Available,,,,,Confirmed,Unconfirmed,,,,,,B17-CRU-SLAVE,
B17-CRU-ENC-018,17,,Crushbone,Lord Darish,,,,,,,,,,,,,,,,,,,,,,,,,,,,,,,,,,,,,,,,,,,,,,,Supplemental,,,,,Yes,1,,,,,,14-17,,Add,,,,,,,,,,,,2026-07-27,,,,,,,,C,"Current EQL encounter, camp, or population documentation.",Not applicable,,,,Official EQL update + Current EQL Wiki,,EQL-LOOT-1.0,encounter_metadata,Metadata,,B17-CRU-ENC-018,,,No,No,Encounter metadata; not an ordinary loot result.,,,,,,,,,,,,,,,,,,,Indoor/Outdoor Dungeon Compound,,,,Throne room,"250, 90",,,,,Lord Darish,Named Encounter,,,,,,,,,,,,an orc legionnaire,,,,,,,,,,Open World,Open World,,,,,,,,,,,,,,,,,,,,,,,,,,,,,,,,,,,,,,,,,,,,,,,,,,,,,,,,,,,,,,,,,,,,No,,,,,,,,,,,,,,,,,,,,Available,,,,,Confirmed,Unconfirmed,,,,,,B17-CRU-CASTLE,
B17-CRU-ENC-019,17,,Crushbone,Bonefire,,,,,,,,,,,,,,,,,,,,,,,,,,,,,,,,,,,,,,,,,,,,,,,Supplemental,,,,,Yes,1,,,,,,Approximately 18,,Add,,,,,,,,,,,,2026-07-27,,,,,,,,C,"Current EQL encounter, camp, or population documentation.",Not applicable,,,,Official EQL update + Current EQL Wiki,,EQL-LOOT-1.0,encounter_metadata,Metadata,,B17-CRU-ENC-019,,,No,No,Encounter metadata; not an ordinary loot result.,,,,,,,,,,,,,,,,,,,Indoor/Outdoor Dungeon Compound,,,,Throne-room window,,,,,,Bonefire,EQL-Expanded Named Encounter,,,,,,,,,,,,,,,,,,,,,,Open World,Open World,,,,,,,,,,,,,,,,,,,,,,,,,,,,,,,,,,,,,,,,,,,,,,,,,,,,,,,,,,,,,,,,,,,,No,,,,,,,,,,,,,,,,,,,,Available,,,,,Confirmed,Unconfirmed,,,,,,B17-CRU-CASTLE,
B17-CRU-ENC-020,17,,Crushbone,The Prophet,,,,,,,,,,,,,,,,,,,,,,,,,,,,,,,,,,,,,,,,,,,,,,,Supplemental,,,,,Yes,1,,,,,,17,,Add,,,,,,,,,,,,2026-07-27,,,,,,,,C,"Current EQL encounter, camp, or population documentation.",Not applicable,,,,Official EQL update + Current EQL Wiki,,EQL-LOOT-1.0,encounter_metadata,Metadata,,B17-CRU-ENC-020,,,No,No,Encounter metadata; not an ordinary loot result.,,,,,,,,,,,,,,,,,,,Indoor/Outdoor Dungeon Compound,,,,,,,,,,The Prophet,Named Caster,,,,,,,,,,,,,,,"Two documented spawn points: 86,-62 and 310,20",,,,,,,Open World,Open World,,,,,,,,,,,,,,,,,,,,,,,,,,,,,,,,,,,,,,,,,,,,,,,,,,,,,,,,,,,,,,,,,,,,No,,,,,,,,,,,,,,,,,,,,Available,,,,,Confirmed,Unconfirmed,,,,,,B17-CRU-CASTLE,
B17-CRU-ENC-021,17,,Crushbone,Emperor Crush,,,,,,,,,,,,,,,,,,,,,,,,,,,9 minutes,,,,,,,,,,,,,,,,,,,,Supplemental,,,,,Yes,1,,,,,,18,,Add,,,,,,,,,,,,2026-07-27,,,,,,,,C,"Current EQL encounter, camp, or population documentation.",Not applicable,,,,Official EQL update + Current EQL Wiki,,EQL-LOOT-1.0,encounter_metadata,Metadata,,B17-CRU-ENC-021,,,No,No,Encounter metadata; not an ordinary loot result.,,,,,,,,,,,,,,,,,,,Indoor/Outdoor Dungeon Compound,,,,Alcove behind throne room,"86, -74",,,,,Emperor Crush,Dungeon Boss,,,,,,,,,,,,an orc oracle,,,,,,,,,,Open World,Open World,,,,,,,,,,,,,,,,,,,,,,,,,,,,,,,,,,,,,,,,,,,,,,,,,,,,,,,,,,,,,,,,,,,,No,,,,,,,,,,,,,,,,,,,,Available,,,,,Confirmed,Unconfirmed,,,,,,B17-CRU-CASTLE,
B17-CRU-ENC-022,17,,Crushbone,Ambassador DVinn,,,,,,,,,,,,,,,,,,,,,,,,,,,,,,,,,,,,,,,,,,,,,,,Supplemental,,,,,Yes,1,,,,,,20,,Add,,,,,,,,,,,,2026-07-27,,,,,,,,C,"Current EQL encounter, camp, or population documentation.",Not applicable,,,,Official EQL update + Current EQL Wiki,,EQL-LOOT-1.0,encounter_metadata,Metadata,,B17-CRU-ENC-022,,,No,No,Encounter metadata; not an ordinary loot result.,,,,,,,,,,,,,,,,,,,Indoor/Outdoor Dungeon Compound,,,,,"76, -72",,,,,Ambassador DVinn,Named Encounter,,,,,,,,,,,,,,80%,,,,,,,,Open World,Open World,,,,,,,,,,,,,,,,,,,,,,,,,,,,,,,,,,,,,,,,,,,,,,,,,,,,,,,,,,,,,,,,,,,,No,,,,,,,,,,,,,,,,,,,,Available,,,,,Confirmed,Unconfirmed,,,,,,B17-CRU-CASTLE,
B17-CRU-ENC-023,17,,Crushbone,Castle Throne-Room Population,,,,,,,,,,,,,,,,,,,,,,,,,,,,,,,,,,,,,,,,,,,,,,,Supplemental,,,,,Yes,1,,,,,,,,Add,,,,,,,,,,,,2026-07-27,,,,,,,,C,"Current EQL encounter, camp, or population documentation.",Not applicable,,,,Official EQL update + Current EQL Wiki,,EQL-LOOT-1.0,encounter_metadata,Metadata,,B17-CRU-ENC-023,,,No,No,Encounter metadata; not an ordinary loot result.,,,,,,,,,,,,,,,,,,,Indoor/Outdoor Dungeon Compound,,,,,,,,,Dense social aggro; rapid repops; trains,Castle Throne-Room Population,Shared Population,,,,,,,,,,,,,,,,,,,,,,Open World,Open World,,,,,,,,,,,,,,,,,,,,,,,,,,,,,,,,,,,,,,,,,,,,,,,,,,,,,,,,,,,,,,,,,,,,No,,,,,,,,,,,,,,,,,,,,Available,,,,,Confirmed,Unconfirmed,,,,,,B17-CRU-CASTLE,
B17-CRU-ENC-024,17,,Crushbone,Screaming Mace Quest Population,,,,,,,,,,,,,,,,,,,,,,,,,,,,,,,,,,,,,,,,,,,,,,,Supplemental,,,,,Yes,1,,,,,,,,Add,,,,,,,,,,,,2026-07-27,,,,,,,,C,"Current EQL encounter, camp, or population documentation.",Not applicable,,,,Official EQL update + Current EQL Wiki,,EQL-LOOT-1.0,encounter_metadata,Metadata,,B17-CRU-ENC-024,,,No,No,Encounter metadata; not an ordinary loot result.,,,,,,,,,,,,,,,,,,,Indoor/Outdoor Dungeon Compound,,,,,,,,,,Screaming Mace Quest Population,Quest Encounter Group,,,,,,,,,,,,,,,,,,,,,,Open World,Open World,,,,,,,,,,,,,,,,,,,,,,,,,,,,,,,,,,,,,,,,,,,,,,,,,,,,,,,,,,,,,,,,,,,,No,,,,,,,,,,Screaming Mace Quest,,,,,,,,,,Available,,,,,Confirmed,Unconfirmed,,,,,,B17-CRU-SLAVE,
B17-CRU-ENC-025,17,,Crushbone,Slaver Pit Population,,,,,,,,,,,,,,,,,,,,,,,,,,,,,,,,,,,,,,,,,,,,,,,Supplemental,,,,,Yes,1,,,,,,,,Add,,,,,,,,,,,,2026-07-27,,,,,,,,C,"Current EQL encounter, camp, or population documentation.",Not applicable,,,,Official EQL update + Current EQL Wiki,,EQL-LOOT-1.0,encounter_metadata,Metadata,,B17-CRU-ENC-025,,,No,No,Encounter metadata; not an ordinary loot result.,,,,,,,,,,,,,,,,,,,Indoor/Outdoor Dungeon Compound,,,,,,,,,Congested pulls; social aggro,Slaver Pit Population,Shared Population,,,,,,,,,,,,,,,,,,,,,,Open World,Open World,,,,,,,,,,,,,,,,,,,,,,,,,,,,,,,,,,,,,,,,,,,,,,,,,,,,,,,,,,,,,,,,,,,,No,,,,,,,,,,,,,,,,,,,,Available,,,,,Confirmed,Unconfirmed,,,,,,B17-CRU-PIT,
B17-CRU-META-001,17,,Crushbone,Crushbone Revamp and Availability Status,,,,,,,,,,,,,,,,,,,,,,,,,,,,,,,,,,,,,,,,,,,,,,,Supplemental,,,,,Yes,1,,,,,,,,Add,,,,,,,,,,,,2026-07-27,"Official July 14, 2026 update: significant refresh with fresh loot, new enemies, and level 4-22 progression.",,,,,,,A,Official zone-revamp evidence and current zone documentation.,Official level range 4-22 conflicts with inherited Wiki 5-20 label.,,,,Official EQL patch notes + Current EQL Wiki,,EQL-LOOT-1.0,zone_metadata,Metadata,,B17-CRU-META-001,,,No,No,,,,,,,,,,,,,,,,,,,,Indoor/Outdoor Dungeon Compound,,,,,,,,,,,,,,,,,,,,,,,,,,,,,,,,,Open World,Open World,,,,,,,,,,,,,,,,,,,,,,,,,,,,,,,,,,,,,,,,,,,,,,,,,,,,,,,,,,,,,,,,,,,,No,,,,,,,,,,,,,,,,,,,,Available,Beta/current implementation confirmed; launch availability remains unconfirmed.,,,,Confirmed,Unconfirmed,,,,,,B17-CRU,
B17-CRU-META-002,17,,Crushbone,Crushbone Architecture and Camp Structure,,,,,,,,,,,,,,,,,,,,,,,,,,,,,,,,,,,,,,,,,,,,,,,Supplemental,,,,,Yes,1,,,,,,,,Add,,,,,,,,,,,,2026-07-27,,,,,,,,A,Official zone-revamp evidence and current zone documentation.,Not applicable,,,,Official EQL patch notes + Current EQL Wiki,,EQL-LOOT-1.0,zone_metadata,Metadata,,B17-CRU-META-002,,,No,No,,,,,,,,,,,,,,,,,,,,Indoor/Outdoor Dungeon Compound,Entrance; outer ring; training hill; tents; slave cabin; slaver caves; slaver pit; castle; throne complex,,,,,,,High near castle and throne room,Dense social aggro; frequent trains; castle pulls; mixed-level roamers,,,,,,,,,,,,,,,,,,,,,,,,Open World,Open World,,,,,,,,,,,,,,,,,,,,,,,,,,,,,,,,,,,,,,,,,,,,,Moderate to High,,,,,,,,,,,,,,,,,,,,,,,No,,,,,,,,,,,,,,,,,,,,Available,,,,,Confirmed,Unconfirmed,,,,,,B17-CRU,
B17-CRU-META-003,17,,Crushbone,Crushbone Prisoner and Key Systems,,,,,,,,,,,,,,,,,,,,,,,,,,,,,,,,,,,,,,,,,,,,,,,Supplemental,,,,,Yes,1,,,,,,,,Add,,,,,,,,,,,,2026-07-27,,,,,,,,A,Official zone-revamp evidence and current zone documentation.,Not applicable,,,,Official EQL patch notes + Current EQL Wiki,,EQL-LOOT-1.0,zone_metadata,Metadata,,B17-CRU-META-003,,,No,No,,,,,,,,,,,,,,,,,,,,Indoor/Outdoor Dungeon Compound,,,,,,,,,,,,,,,,,,,,,,,,,,,,,,,,,Open World,Open World,,,,,,,,,,,,,,,,,,,,,,,,,,,,,,,,,"Localized prisoner, cell, and quest access rather than linear dungeon progression",Master Crushbone Cell Key; Shackle Keys 15-24; Slave Key family,Unknown,,,,,,,,,,,,,,,,,,,,,,,,,,,,,,,,,No,,,,,,,,,,,,,,,,,,,,Available,,,,,Confirmed,Unconfirmed,,,,,,B17-CRU,
B17-CRU-META-004,17,,Crushbone,Crushbone Castle and Throne Hierarchy,,,,,,,,,,,,,,,,,,,,,,,,,,,,,,,,,,,,,,,,,,,,,,,Supplemental,,,,,Yes,1,,,,,,,,Add,,,,,,,,,,,,2026-07-27,,,,,,,,A,Official zone-revamp evidence and current zone documentation.,Not applicable,,,,Official EQL patch notes + Current EQL Wiki,,EQL-LOOT-1.0,zone_metadata,Metadata,,B17-CRU-META-004,,,No,No,,,,,,,,,,,,,,,,,,,,Indoor/Outdoor Dungeon Compound,Castle bridge; wall camp; throne room; Emperor alcove; rear throne passage,,,,,,"Royal guards, oracles, legionnaires, named patrols, Emperor Crush, Ambassador DVinn, and Prophet overlap in the castle complex.",,,,,,,,,,,,,,,,,,,,,,,,,,Open World,Open World,,,,,,,,,,,,,,,,,,,,,,,,,,,,,,,,,,,,,,,,,,,,,,,,,,,,,,,,,,,,,,,,,,,,No,,,,,,,,,,,,,,,,,,,,Available,,,,,Confirmed,Unconfirmed,,,,,,B17-CRU,
B17-CRU-META-005,17,,Crushbone,Crushbone Faction and Protected-NPC Rules,,,,,,,,,,,,,,,,,,,,,,,,,,,,,,,,,,,,,,,,,,,,,,,Supplemental,,,,,Yes,1,,,,,,,,Add,,,,,,,,,,,,2026-07-27,,,,,,,,A,Official zone-revamp evidence and current zone documentation.,Not applicable,,,,Official EQL patch notes + Current EQL Wiki,,EQL-LOOT-1.0,zone_metadata,Metadata,,B17-CRU-META-005,,,No,No,"Exact NPC kills may affect Crushbone Orcs, Indigo Brotherhood, Emerald Warriors, Faydarks Champions, and Storm Guard. Protected prisoners and quest NPCs must not be treated as ordinary farm targets.",Significant,,,,,,,,,,,,,,Crushbone Orcs,,,,Indoor/Outdoor Dungeon Compound,,,,,,,,,,,,,,,,,,,,,,,,,,,,,,,,,Open World,Open World,,,,,,,,,,,,,,,,,,,,,,,,,,,,,,,,,,,,,,,,,,,,,,,,,,,,,,,,,,,,,,,,,,,,No,,,,,,,,,,,,,,,,,,,,Available,,,,,Confirmed,Unconfirmed,,,,,,B17-CRU,
B17-COR-001,17,,,,,,,,,,,,,,,,,,,,,,,,,,,,,,,,,,,,,,,,,,,,,,,,,Supplemental correction,Supplemental,,,,,Yes,1,,,,,,,,Correct,,,,,,,,,,,,2026-07-27,,,,,,,,C,Clarifies Crushbone-specific source scope without replacing valid outdoor records.,No conflict; distinct documented zones,,,,Cross-stack Crushbone audit,Target loaded from everquest_legends_batch_13_creature_family_shared_loot_EQL_LOOT_1_0.csv.,EQL-LOOT-1.0,correction,Active,B13-GFY-001,B13-GFY-001,,B17-CRU-001; B17-CRU-058,No,No,Batch 17 source-scope correction; merge only populated fields.,,,,,,,,,,,,,,,,,,Greater Faydark Orc Pawn source remains valid; Crushbone pawn records are separate exact-zone sources.,,,,,,,,,,,,,,,,,,,,,,,,,,,,,,,,,,,,,,,,,,,,,,,,,,,,,,,,,,,,,,,,,,,,,,,,,,,,,,,,,,,,,,,,,,,,,,,,,,,,,,,,,,,,,,,,,,,,,,,,,,,,,,,,,,,Keep,,,,,
B17-COR-002,17,,,,,,,,,,,,,,,,,,,,,,,,,,,,,,,,,,,,,,,,,,,,,,,,,Supplemental correction,Supplemental,,,,,Yes,1,,,,,,,,Correct,,,,,,,,,,,,2026-07-27,,,,,,,,C,Clarifies Crushbone-specific source scope without replacing valid outdoor records.,Source scope clarified,,,,Cross-stack Crushbone audit,Target loaded from everquest_legends_batch_08_western_faydwer_expanded_stack_audited.csv.,EQL-LOOT-1.0,correction,Active,B08-GFY-009,B08-GFY-009,,B13-GFY-001; B17-CRU-001,No,No,Batch 17 source-scope correction; merge only populated fields.,,,,,,,,,,,,,,,,,,Legacy broad Faydark Orc Hatchet relationship should not be interpreted as a Crushbone-only source.,,,,,,,,,,,,,,,,,,,,,,,,,,,,,,,,,,,,,,,,,,,,,,,,,,,,,,,,,,,,,,,,,,,,,,,,,,,,,,,,,,,,,,,,,,,,,,,,,,,,,,,,,,,,,,,,,,,,,,,,,,,,,,,,,,,Correct,,,,,
B17-COR-003,17,,,,,,,,,,,,,,,,,,,,,,,,,,,,,,,,,,,,,,,,,,,,,,,,,Supplemental correction,Supplemental,,,,,Yes,1,,,,,,,,Correct,,,,,,,,,,,,2026-07-27,,,,,,,,D,Clarifies Crushbone-specific source scope without replacing valid outdoor records.,Broad orc-caster family split into exact population scopes,,,,Cross-stack Crushbone audit,Target loaded from everquest_legends_batch_13_creature_family_shared_loot_EQL_LOOT_1_0.csv.,EQL-LOOT-1.0,correction,Active,B13-RES-006,B13-RES-006,,B17-CRU-004; B17-CRU-021; B17-CRU-022,No,No,Batch 17 source-scope correction; merge only populated fields.,,,,,,,,,,,,,,,,,,Crushbone has distinct classic and EQL high-level oracle populations with different documented loot.,,,,,,,,,,,,,,,,,,,,,,,,,,,,,,,,,,,,,,,,,,,,,,,,,,,,,,,,,,,,,,,,,,,,,,,,,,,,,,,,,,,,,,,,,,,,,,,,,,,,,,,,,,,,,,,,,,,,,,,,,,,,,,,,,,,Correct,,,,,
B17-RES-001,17,,Crushbone,Slave Trammels exact source,,,,,,,,,,,,,,,,,,Unresolved source,,,,,,,,,,,,,,,,,,,,,,,,,,,,,Supplemental,,,,,Yes,1,,,,,,,,Quarantine,,,,,,,,,,,,2026-07-27,,,,,,,,D,"Exact source, mechanics, timer, or availability remains unresolved.",Unresolved,,,,Current EQL Wiki / unresolved revamp audit,,EQL-LOOT-1.0,research,Quarantined,,B17-RES-001,,,No,Yes,Quarantined Batch 17 research issue.,,,,,,,,,,,,Unresolved source,,,,,,,Indoor/Outdoor Dungeon Compound,,,,,,,,,,,,,,,,,,,,,,,,,,,,,,,,,Open World,Open World,,,,,,,,,,,,,,,,,,,,,,,,,,,,,,,,,,,,,,,,,,,,,,,,,,,,,,,,,,,,,,,,,,,,No,,,,,,,,,,,,,,,,,,,,Available,,,,,Confirmed,Unconfirmed,,Review,,,,B17-CRU,
B17-RES-002,17,,Crushbone,Crushbone Battle Beads exact source variants,,,,,,,,,,,,,,,,,,Various Crushbone sources,,,,,,,,,,,,,,,,,,,,,,,,,,,,,Supplemental,,,,,Yes,1,,,,,,,,Quarantine,,,,,,,,,,,,2026-07-27,,,,,,,,D,"Exact source, mechanics, timer, or availability remains unresolved.",Unresolved,,,,Current EQL Wiki / unresolved revamp audit,,EQL-LOOT-1.0,research,Quarantined,,B17-RES-002,,,No,Yes,Quarantined Batch 17 research issue.,,,,,,,,,,,,Various Crushbone sources,,,,,,,Indoor/Outdoor Dungeon Compound,,,,,,,,,,,,,,,,,,,,,,,,,,,,,,,,,Open World,Open World,,,,,,,,,,,,,,,,,,,,,,,,,,,,,,,,,,,,,,,,,,,,,,,,,,,,,,,,,,,,,,,,,,,,No,,,,,,,,,,,,,,,,,,,,Available,,,,,Confirmed,Unconfirmed,,Review,,,,B17-CRU,
B17-RES-003,17,,Crushbone,Orc Trainer item probabilities and placeholder,,,,,,,,,,,,,,,,,,Orc Trainer,,,,,,,,,,,,,,,,,,,,,,,,,,,,,Supplemental,,,,,Yes,1,,,,,,,,Quarantine,,,,,,,,,,,,2026-07-27,,,,,,,,D,"Exact source, mechanics, timer, or availability remains unresolved.",Unresolved,,,,Current EQL Wiki / unresolved revamp audit,,EQL-LOOT-1.0,research,Quarantined,,B17-RES-003,,,No,Yes,Quarantined Batch 17 research issue.,,,,,,,,,,,,Orc Trainer,,,,,,,Indoor/Outdoor Dungeon Compound,,,,,,,,,,,,,,,,,,,,,,,,,,,,,,,,,Open World,Open World,,,,,,,,,,,,,,,,,,,,,,,,,,,,,,,,,,,,,,,,,,,,,,,,,,,,,,,,,,,,,,,,,,,,No,,,,,,,,,,,,,,,,,,,,Available,,,,,Confirmed,Unconfirmed,,Review,,,,B17-CRU,
B17-RES-004,17,,Crushbone,Bonefire placeholder and respawn,,,,,,,,,,,,,,,,,,Bonefire,,,,,,,,,,,,,,,,,,,,,,,,,,,,,Supplemental,,,,,Yes,1,,,,,,,,Quarantine,,,,,,,,,,,,2026-07-27,,,,,,,,D,"Exact source, mechanics, timer, or availability remains unresolved.",Unresolved,,,,Current EQL Wiki / unresolved revamp audit,,EQL-LOOT-1.0,research,Quarantined,,B17-RES-004,,,No,Yes,Quarantined Batch 17 research issue.,,,,,,,,,,,,Bonefire,,,,,,,Indoor/Outdoor Dungeon Compound,,,,,,,,,,,,,,,,,,,,,,,,,,,,,,,,,Open World,Open World,,,,,,,,,,,,,,,,,,,,,,,,,,,,,,,,,,,,,,,,,,,,,,,,,,,,,,,,,,,,,,,,,,,,No,,,,,,,,,,,,,,,,,,,,Available,,,,,Confirmed,Unconfirmed,,Review,,,,B17-CRU,
B17-RES-005,17,,Crushbone,Exact key-consumption behavior,,,,,,,,,,,,,,,,,,Crushbone access-key systems,,,,,,,,,,,,,,,,,,,,,,,,,,,,,Supplemental,,,,,Yes,1,,,,,,,,Quarantine,,,,,,,,,,,,2026-07-27,,,,,,,,D,"Exact source, mechanics, timer, or availability remains unresolved.",Unresolved,,,,Current EQL Wiki / unresolved revamp audit,,EQL-LOOT-1.0,research,Quarantined,,B17-RES-005,,,No,Yes,Quarantined Batch 17 research issue.,,,,,,,,,,,,Crushbone access-key systems,,,,,,,Indoor/Outdoor Dungeon Compound,,,,,,,,,,,,,,,,,,,,,,,,,,,,,,,,,Open World,Open World,,,,,,,,,,,,,,,,,,,,,,,,,,,,,,,,,,,,,,,,,,,,,,,,,,,,,,,,,,,,,,,,,,,,No,,,,,,,,,,,,,,,,,,,,Available,,,,,Confirmed,Unconfirmed,,Review,,,,B17-CRU,
B17-RES-006,17,,Crushbone,Prisoner-to-Shackle-Key 15-24 mapping,,,,,,,,,,,,,,,,,,Orc Slaver / prisoner population,,,,,,,,,,,,,,,,,,,,,,,,,,,,,Supplemental,,,,,Yes,1,,,,,,,,Quarantine,,,,,,,,,,,,2026-07-27,,,,,,,,D,"Exact source, mechanics, timer, or availability remains unresolved.",Unresolved,,,,Current EQL Wiki / unresolved revamp audit,,EQL-LOOT-1.0,research,Quarantined,,B17-RES-006,,,No,Yes,Quarantined Batch 17 research issue.,,,,,,,,,,,,Orc Slaver / prisoner population,,,,,,,Indoor/Outdoor Dungeon Compound,,,,,,,,,,,,,,,,,,,,,,,,,,,,,,,,,Open World,Open World,,,,,,,,,,,,,,,,,,,,,,,,,,,,,,,,,,,,,,,,,,,,,,,,,,,,,,,,,,,,,,,,,,,,No,,,,,,,,,,,,,,,,,,,,Available,,,,,Confirmed,Unconfirmed,,Review,,,,B17-CRU,
B17-RES-007,17,,Crushbone,Current named respawn times where undocumented,,,,,,,,,,,,,,,,,,Crushbone named encounters,,,,,,,,,,,,,,,,,,,,,,,,,,,,,Supplemental,,,,,Yes,1,,,,,,,,Quarantine,,,,,,,,,,,,2026-07-27,,,,,,,,D,"Exact source, mechanics, timer, or availability remains unresolved.",Unresolved,,,,Current EQL Wiki / unresolved revamp audit,,EQL-LOOT-1.0,research,Quarantined,,B17-RES-007,,,No,Yes,Quarantined Batch 17 research issue.,,,,,,,,,,,,Crushbone named encounters,,,,,,,Indoor/Outdoor Dungeon Compound,,,,,,,,,,,,,,,,,,,,,,,,,,,,,,,,,Open World,Open World,,,,,,,,,,,,,,,,,,,,,,,,,,,,,,,,,,,,,,,,,,,,,,,,,,,,,,,,,,,,,,,,,,,,No,,,,,,,,,,,,,,,,,,,,Available,,,,,Confirmed,Unconfirmed,,Review,,,,B17-CRU,
B17-RES-008,17,,Crushbone,Crushbone launch availability,,,,,,,,,,,,,,,,,,Zone-level availability,,,,,,,,,,,,,,,,,,,,,,,,,,,,,Supplemental,,,,,Yes,1,,,,,,,,Quarantine,,,,,,,,,,,,2026-07-27,,,,,,,,D,"Exact source, mechanics, timer, or availability remains unresolved.",Unresolved,,,,Current EQL Wiki / unresolved revamp audit,,EQL-LOOT-1.0,research,Quarantined,,B17-RES-008,,,No,Yes,Quarantined Batch 17 research issue.,,,,,,,,,,,,Zone-level availability,,,,,,,Indoor/Outdoor Dungeon Compound,,,,,,,,,,,,,,,,,,,,,,,,,,,,,,,,,Open World,Open World,,,,,,,,,,,,,,,,,,,,,,,,,,,,,,,,,,,,,,,,,,,,,,,,,,,,,,,,,,,,,,,,,,,,No,,,,,,,,,,,,,,,,,,,,Available,,,,,Confirmed,Unconfirmed,,Review,,,,B17-CRU,
B17-RES-009,17,,Crushbone,Official 4-22 versus Wiki 5-20 level-range mismatch,,,,,,,,,,,,,,,,,,Zone-level documentation,,,,,,,,,,,,,,,,,,,,,,,,,,,,,Supplemental,,,,,Yes,1,,,,,,,,Quarantine,,,,,,,,,,,,2026-07-27,,,,,,,,D,"Exact source, mechanics, timer, or availability remains unresolved.",Official and Wiki level ranges disagree,,,,Current EQL Wiki / unresolved revamp audit,,EQL-LOOT-1.0,research,Quarantined,,B17-RES-009,,,No,Yes,Quarantined Batch 17 research issue.,,,,,,,,,,,,Zone-level documentation,,,,,,,Indoor/Outdoor Dungeon Compound,,,,,,,,,,,,,,,,,,,,,,,,,,,,,,,,,Open World,Open World,,,,,,,,,,,,,,,,,,,,,,,,,,,,,,,,,,,,,,,,,,,,,,,,,,,,,,,,,,,,,,,,,,,,No,,,,,,,,,,,,,,,,,,,,Available,,,,,Confirmed,Unconfirmed,,Review,,,,B17-CRU,
B17-RES-010,17,,Crushbone,Direct-build-only items absent from current pages,,,,,,,,,,,,,,,,,,Unresolved Crushbone sources,,,,,,,,,,,,,,,,,,,,,,,,,,,,,Supplemental,,,,,Yes,1,,,,,,,,Quarantine,,,,,,,,,,,,2026-07-27,,,,,,,,D,"Exact source, mechanics, timer, or availability remains unresolved.",Unresolved,,,,Current EQL Wiki / unresolved revamp audit,,EQL-LOOT-1.0,research,Quarantined,,B17-RES-010,,,No,Yes,Quarantined Batch 17 research issue.,,,,,,,,,,,,Unresolved Crushbone sources,,,,,,,Indoor/Outdoor Dungeon Compound,,,,,,,,,,,,,,,,,,,,,,,,,,,,,,,,,Open World,Open World,,,,,,,,,,,,,,,,,,,,,,,,,,,,,,,,,,,,,,,,,,,,,,,,,,,,,,,,,,,,,,,,,,,,No,,,,,,,,,,,,,,,,,,,,Unknown,,,,,Confirmed,Unconfirmed,,Review,,,,B17-CRU,
B17-RES-011,17,,Crushbone,Current-zone table provenance breadth,,,,,,,,,,,,,,,,,,Crushbone NPC and item census,,,,,,,,,,,,,,,,,,,,,,,,,,,,,Supplemental,,,,,Yes,1,,,,,,,,Quarantine,,,,,,,,,,,,2026-07-27,,,,,,,,D,"Exact source, mechanics, timer, or availability remains unresolved.",Unresolved,,,,Current EQL Wiki / unresolved revamp audit,,EQL-LOOT-1.0,research,Quarantined,,B17-RES-011,,,No,Yes,Quarantined Batch 17 research issue.,,,,,,,,,,,,Crushbone NPC and item census,,,,,,,Indoor/Outdoor Dungeon Compound,,,,,,,,,,,,,,,,,,,,,,,,,,,,,,,,,Open World,Open World,,,,,,,,,,,,,,,,,,,,,,,,,,,,,,,,,,,,,,,,,,,,,,,,,,,,,,,,,,,,,,,,,,,,No,,,,,,,,,,,,,,,,,,,,Available,,,,,Confirmed,Unconfirmed,,Review,,,,B17-CRU,
