index,record_id,batch,continent,zone,item_name,item_category,slot,equippable,inventory_only,magic,lore,no_drop,quest_item,weight,size,classes_classic,races_classic,stats_raw,damage,delay,weapon_skill,proc_click_focus,source_npc,source_npc_level,source_npc_class,source_npc_race_type,placeholder,placeholder_level_range,nearby_enemy_level_range,spawn_type,spawn_location,respawn_timer,time_condition,special_abilities,social_or_add_risk,faction_consequences,drop_frequency,drop_rate_reported,drop_notes,era_status,tlp_status,legends_status,best_for_classes,best_for_archetypes,general_value_notes,personal_build_notes,effect_transfer_value,target_priority_general,duplicate_item_group,inclusion_reason,source_scope,core_or_supplemental,data_confidence,source_primary,source_secondary,research_notes,approved,revision,stats_classic,stats_eql,classes_eql,races_eql,source_npc_level_classic,source_npc_level_eql,eql_verification_status,eql_audit_action,eql_npc_confirmed,eql_item_confirmed,eql_drop_source_confirmed,eql_stats_match,eql_classes_match,eql_races_match,eql_effect_match,eql_spawn_match,eql_era_status,eql_wiki_source,eql_official_source,eql_last_checked,eql_changes_summary,eql_verification_notes,official_override_status,official_source_checked,eql_wiki_listing_status,eql_wiki_verification_state,current_build_confirmed,evidence_grade,evidence_strength,conflict_status,classic_original_launch,classic_historical_era,last_directly_observed,primary_evidence_layer,per_field_provenance_notes,schema_version,record_type,record_status,source_record_id,canonical_record_id,parent_record_id,related_record_ids,display_default,searchable,record_notes,faction_risk_level,faction_hits_known,faction_gains_known,city_access_risk,merchant_access_risk,quest_access_risk,initial_disposition,protected_npc_type,faction_behavior_notes,creature_family,creature_subfamily,normalized_source_name,source_name_aliases,shared_loot_family,family_faction,family_hostility,family_zone_scope,source_variant_notes,zone_type,zone_subarea,zone_wing,zone_floor,camp_or_room,location_coordinates,location_description,navigation_notes,escape_or_exit_risk,environmental_hazards,encounter_name,encounter_type,encounter_tier,encounter_group_size,encounter_raid_size,encounter_difficulty,encounter_trigger,encounter_scripted,encounter_phases,encounter_adds,encounter_failure_condition,encounter_reset_behavior,encounter_notes,placeholder_npc,placeholder_cycle,spawn_probability,spawn_count,spawn_window,respawn_variance,despawn_condition,spawn_dependencies,spawn_guaranteed,spawn_mechanics_notes,instance_status,instance_type,instance_name,instance_entry_method,instance_reuse_timer,loot_lockout_type,loot_lockout_duration,lockout_scope,lockout_applies_per_npc,lockout_applies_per_instance,lockout_bypass_conditions,instance_notes,loot_delivery_method,loot_container_name,loot_table_name,loot_table_tier,loot_pool_type,loot_roll_type,loot_quantity_min,loot_quantity_max,loot_slots_reported,loot_selection_behavior,shared_loot_notes,currency_drop,loot_delivery_notes,drop_rate_type,drop_rate_numerator,drop_rate_denominator,drop_rate_sample_size,drop_rate_pool_probability,drop_rate_item_probability,drop_rate_source,drop_rate_confidence,drop_rate_conditions,access_requirement,access_key_item,access_key_consumed,access_quest,minimum_recommended_level,minimum_group_size,minimum_raid_size,class_role_requirements,door_or_lock_requirement,levitation_required,underwater_required,resist_requirements,corpse_recovery_difficulty,bind_or_reentry_notes,access_notes,encounter_hp,encounter_ac,damage_per_hit_min,damage_per_hit_max,attacks_per_round,aoe_effects,single_target_effects,debuffs,summons_players,enrages,rampage,flurry,banishes,mem_blur,charm,fear,death_touch,resist_profile,immunity_profile,combat_mechanics_notes,raid_target,raid_classification,raid_progression_role,raid_prerequisite,contested_status,racing_or_engagement_rules,racing_line,open_world_competition,recommended_composition,raid_notes,quest_name,quest_step,quest_role,epic_class,progression_category,required_for_access,required_for_spawn,required_for_turn_in,reward_type,quest_dependency_notes,content_availability,availability_context,availability_start,availability_end,availability_condition,beta_availability_status,launch_availability_status,instance_availability_status,compatibility_action,compatibility_reason,custom_tags,alternate_names,content_group_id,data_extension_json
1,B24A-LIVE-001,24A,Antonica,Lower Guk,Chrysoberyl Talisman,Jewelry,NECK,Yes,No,Yes,Yes,,,1.0,SMALL,ALL,ALL,AC 5; WIS +3; MANA +20,,,,Focus: Affliction Haste II,a minotaur elder,33,Cleric-like caster,Minotaur,,,,,Minotaur Elder pit,,,,,,,,,Classic / historical,,Current EQL Wiki-listed,,,,,,,,"Notable exact-source live-side equipment, container, or progression relationship.",Zone subdivision-specific,Core,Medium,https://eqlwiki.com/Category:Lower_Guk,https://wiki.project1999.com/Ruins_of_Old_Guk,,Yes,1,AC 5; WIS +3; MANA +20,AC 5; WIS +3; MANA +20,ALL,ALL,33,33,Current EQL Wiki-listed; direct-build confirmation incomplete,Add,Wiki,Wiki,Historical plus current indexing,Changed,No identified change,No identified change,Changed,,Classic-retained with EQL changes,https://eqlwiki.com/Category:Lower_Guk,,2026-07-28,EQL focus addition: Affliction Haste II.,,,Yes,Listed,Current Wiki evidence,No,C,Current EQL Wiki item/NPC/category evidence with Project 1999 historical comparison.,None identified,Yes,Classic,,Current EQL Wiki,Current fields from EQL Wiki; classic fields from Project 1999/classic baseline; live-side placement audited separately from undead side.,EQL-LOOT-1.0,loot,Active,,B24A-LIVE-001,,,Yes,Yes,,,Frogloks of Guk -30,,,,,Hostile,,,Minotaur,,a minotaur elder,,,Frogloks of Guk,Hostile,Lower Guk — Live Side,,Open-world indoor dungeon,Elder branch,,,Minotaur Elder pit,,,,,,a minotaur elder,Named / notable live-side source,,,,,,,,,,,,,,,,,,,,,,Open World,Open World,,,,,,,,,,,NPC Corpse,,,,,,,,,,,,,,,,,,,,,,,,,,,,,,,,,,,,,,,,,,,,,,,,,,,,,,,,,No,,,,,,,,,,,,,,,,,,,,Available,Lower Guk live-side content group; undead side excluded,,,,Confirmed,Unconfirmed,,,,,,B24A-LGUK-LIVE,
2,B24A-LIVE-002,24A,Antonica,Lower Guk,Carved Ivory Mask,Armor,FACE,Yes,No,Yes,,,,0.9,SMALL,ALL,ALL,AC 2; AGI +4; HP +10,,,,Focus: Reanimation Haste I,a minotaur elder,33,Cleric-like caster,Minotaur,,,,,Minotaur Elder pit,,,,,,,,,Classic / historical,,Current EQL Wiki-listed,,,,,,,,"Notable exact-source live-side equipment, container, or progression relationship.",Zone subdivision-specific,Core,Medium,https://eqlwiki.com/Category:Lower_Guk,https://wiki.project1999.com/Ruins_of_Old_Guk,,Yes,1,AC 2; AGI +4; HP +10,AC 2; AGI +4; HP +10,ALL,ALL,33,33,Current EQL Wiki-listed; direct-build confirmation incomplete,Add,Wiki,Wiki,Historical plus current indexing,Changed,No identified change,No identified change,Changed,,Classic-retained with EQL changes,https://eqlwiki.com/Category:Lower_Guk,,2026-07-28,EQL focus addition: Reanimation Haste I.,,,Yes,Listed,Current Wiki evidence,No,C,Current EQL Wiki item/NPC/category evidence with Project 1999 historical comparison.,None identified,Yes,Classic,,Current EQL Wiki,Current fields from EQL Wiki; classic fields from Project 1999/classic baseline; live-side placement audited separately from undead side.,EQL-LOOT-1.0,loot,Active,,B24A-LIVE-002,,,Yes,Yes,,,Frogloks of Guk -30,,,,,Hostile,,,Minotaur,,a minotaur elder,,,Frogloks of Guk,Hostile,Lower Guk — Live Side,,Open-world indoor dungeon,Elder branch,,,Minotaur Elder pit,,,,,,a minotaur elder,Named / notable live-side source,,,,,,,,,,,,,,,,,,,,,,Open World,Open World,,,,,,,,,,,NPC Corpse,,,,,,,,,,,,,,,,,,,,,,,,,,,,,,,,,,,,,,,,,,,,,,,,,,,,,,,,,No,,,,,,,,,,,,,,,,,,,,Available,Lower Guk live-side content group; undead side excluded,,,,Confirmed,Unconfirmed,,,,,,B24A-LGUK-LIVE,
3,B24A-LIVE-003,24A,Antonica,Lower Guk,Azure Sleeves,Armor,ARMS,Yes,No,Yes,,,,0.6,SMALL,ALL,ALL,AC 12,,,,Focus: Improved Damage I,a minotaur patriarch,34,Ranger,Minotaur,,,,,Minotaur Patriarch route,Approximately 28 minutes,,,,,,,,Classic / historical,,Current EQL Wiki-listed,,,,,,,,"Notable exact-source live-side equipment, container, or progression relationship.",Zone subdivision-specific,Core,High,https://eqlwiki.com/Category:Lower_Guk,https://wiki.project1999.com/Ruins_of_Old_Guk,,Yes,1,AC 12,AC 12,ALL,ALL,34,34,Current EQL Wiki-listed; direct-build confirmation incomplete,Add,Wiki,Wiki,Wiki,Changed,No identified change,No identified change,Changed,Current page-listed / unresolved details,Classic-retained with EQL changes,https://eqlwiki.com/Category:Lower_Guk,,2026-07-28,EQL focus addition: Improved Damage I.,,,Yes,Listed,Current Wiki evidence,No,B,Current EQL Wiki item/NPC/category evidence with Project 1999 historical comparison.,None identified,Yes,Classic,,Current EQL Wiki,Current fields from EQL Wiki; classic fields from Project 1999/classic baseline; live-side placement audited separately from undead side.,EQL-LOOT-1.0,loot,Active,,B24A-LIVE-003,,,Yes,Yes,,,Frogloks of Guk -30,,,,,Hostile,,,Minotaur,,a minotaur patriarch,,,Frogloks of Guk,Hostile,Lower Guk — Live Side,,Open-world indoor dungeon,Minotaur maze,,,Minotaur Patriarch route,,,,,,a minotaur patriarch,Named / notable live-side source,,,,,,,,,,,,,,,,,,,,,,Open World,Open World,,,,,,,,,,,NPC Corpse,,,,,,,,,,,,,,,,,,,,,,,,,,,,,,,,,,,,,,,,,,,,,,,,,,,,,,,,,No,,,,,,,,,,,,,,,,,,,,Available,Lower Guk live-side content group; undead side excluded,,,,Confirmed,Unconfirmed,,,,,,B24A-LGUK-LIVE,
4,B24A-LIVE-004,24A,Antonica,Lower Guk,Ebony Bladed Sword,Weapon,PRIMARY SECONDARY,Yes,No,Yes,,,,2.0,MEDIUM,RNG,HUM ELF HEF HFL,,7,24,1H Slashing,Proc: Ensnaring Roots (level 25),a minotaur patriarch,34,Ranger,Minotaur,,,,,Minotaur Patriarch route,Approximately 28 minutes,,,,,,,,Classic / historical,,Current EQL Wiki-listed,,,Weapon ratio 0.292,,,,,"Notable exact-source live-side equipment, container, or progression relationship.",Zone subdivision-specific,Core,High,https://eqlwiki.com/Category:Lower_Guk,https://wiki.project1999.com/Ruins_of_Old_Guk,,Yes,1,,,RNG,HUM ELF HEF HFL,34,34,Current EQL Wiki-listed; direct-build confirmation incomplete,Add,Wiki,Wiki,Wiki,No identified change,No identified change,No identified change,No identified change,Current page-listed / unresolved details,Classic-retained,https://eqlwiki.com/Category:Lower_Guk,,2026-07-28,,,,Yes,Listed,Current Wiki evidence,No,B,Current EQL Wiki item/NPC/category evidence with Project 1999 historical comparison.,None identified,Yes,Classic,,Current EQL Wiki,Current fields from EQL Wiki; classic fields from Project 1999/classic baseline; live-side placement audited separately from undead side.,EQL-LOOT-1.0,loot,Active,,B24A-LIVE-004,,,Yes,Yes,,,Frogloks of Guk -30,,,,,Hostile,,,Minotaur,,a minotaur patriarch,,,Frogloks of Guk,Hostile,Lower Guk — Live Side,,Open-world indoor dungeon,Minotaur maze,,,Minotaur Patriarch route,,,,,,a minotaur patriarch,Named / notable live-side source,,,,,,,,,,,,,,,,,,,,,,Open World,Open World,,,,,,,,,,,NPC Corpse,,,,,,,,,,,,,,,,,,,,,,,,,,,,,,,,,,,,,,,,,,,,,,,,,,,,,,,,,No,,,,,,,,,,,,,,,,,,,,Available,Lower Guk live-side content group; undead side excluded,,,,Confirmed,Unconfirmed,,,,,,B24A-LGUK-LIVE,
5,B24A-LIVE-005,24A,Antonica,Lower Guk,Silver-Plated Leggings,Armor,LEGS,Yes,No,,,,,5.5,MEDIUM,WAR CLR PAL RNG SHD BRD ROG SHM,ALL except IKS,AC 10; STR +3; AGI +5,,,,,a froglok yun priest,38,Cleric,Froglok,,,,,Yun Priest middle floor,,,,,,,,,Classic / historical,,Current EQL Wiki-listed,,,,,,,,"Notable exact-source live-side equipment, container, or progression relationship.",Zone subdivision-specific,Core,High,https://eqlwiki.com/Category:Lower_Guk,https://wiki.project1999.com/Ruins_of_Old_Guk,,Yes,1,AC 10; STR +3; AGI +5,AC 10; STR +3; AGI +5,WAR CLR PAL RNG SHD BRD ROG SHM,ALL except IKS,38,38,Current EQL Wiki-listed; direct-build confirmation incomplete,Add,Wiki,Wiki,Wiki,No identified change,No identified change,No identified change,No identified change,,Classic-retained,https://eqlwiki.com/Category:Lower_Guk,,2026-07-28,,,,Yes,Listed,Current Wiki evidence,No,B,Current EQL Wiki item/NPC/category evidence with Project 1999 historical comparison.,None identified,Yes,Classic,,Current EQL Wiki,Current fields from EQL Wiki; classic fields from Project 1999/classic baseline; live-side placement audited separately from undead side.,EQL-LOOT-1.0,loot,Active,,B24A-LIVE-005,,,Yes,Yes,,,Frogloks of Guk -30,,,,,Hostile,,,Froglok,,a froglok yun priest,,,Frogloks of Guk,Hostile,Lower Guk — Live Side,,Open-world indoor dungeon,Live Keep,,,Yun Priest middle floor,,,,,,a froglok yun priest,Named / notable live-side source,,,,,,,,,,,,,,,,,,,,,,Open World,Open World,,,,,,,,,,,NPC Corpse,,,,,,,,,,,,,,,,,,,,,,,,,,,,,,,,,,,,,,,,,,,,,,,,,,,,,,,,,No,,,,,,,,,,,,,,,,,,,,Available,Lower Guk live-side content group; undead side excluded,,,,Confirmed,Unconfirmed,,,,,,B24A-LGUK-LIVE,
6,B24A-LIVE-006,24A,Antonica,Lower Guk,Amethyst Bracelet,Armor,WRIST,Yes,No,Yes,,,,0.8,SMALL,ALL,ALL,AC 5; WIS +3; HP +15,,,,Focus: Reagent Conservation II,a froglok yun priest,38,Cleric,Froglok,,,,,Yun Priest middle floor,,,,,,,,,Classic / historical,,Current EQL Wiki-listed,,,,,,,,"Notable exact-source live-side equipment, container, or progression relationship.",Zone subdivision-specific,Core,High,https://eqlwiki.com/Category:Lower_Guk,https://wiki.project1999.com/Ruins_of_Old_Guk,,Yes,1,AC 5; WIS +3; HP +15,AC 5; WIS +3; HP +15,ALL,ALL,38,38,Current EQL Wiki-listed; direct-build confirmation incomplete,Add,Wiki,Wiki,Wiki,Changed,No identified change,No identified change,Changed,,Classic-retained with EQL changes,https://eqlwiki.com/Category:Lower_Guk,,2026-07-28,EQL focus addition: Reagent Conservation II.,,,Yes,Listed,Current Wiki evidence,No,B,Current EQL Wiki item/NPC/category evidence with Project 1999 historical comparison.,None identified,Yes,Classic,,Current EQL Wiki,Current fields from EQL Wiki; classic fields from Project 1999/classic baseline; live-side placement audited separately from undead side.,EQL-LOOT-1.0,loot,Active,,B24A-LIVE-006,,,Yes,Yes,,,Frogloks of Guk -30,,,,,Hostile,,,Froglok,,a froglok yun priest,,,Frogloks of Guk,Hostile,Lower Guk — Live Side,,Open-world indoor dungeon,Live Keep,,,Yun Priest middle floor,,,,,,a froglok yun priest,Named / notable live-side source,,,,,,,,,,,,,,,,,,,,,,Open World,Open World,,,,,,,,,,,NPC Corpse,,,,,,,,,,,,,,,,,,,,,,,,,,,,,,,,,,,,,,,,,,,,,,,,,,,,,,,,,No,,,,,,,,,,,,,,,,,,,,Available,Lower Guk live-side content group; undead side excluded,,,,Confirmed,Unconfirmed,,,,,,B24A-LGUK-LIVE,
7,B24A-LIVE-007,24A,Antonica,Lower Guk,Mithril-Runed Tunic,Armor,CHEST,Yes,No,Yes,,,,2.5,MEDIUM,ALL except NEC WIZ MAG ENC,ALL,AC 10; STA +3; WIS +5,,,,Focus: Spell Haste II,a froglok crusader,,Paladin,Froglok,,,,,Crusader lower floor,,,,,,,,,Classic / historical,,Current EQL Wiki-listed,,,,,,,,"Notable exact-source live-side equipment, container, or progression relationship.",Zone subdivision-specific,Core,High,https://eqlwiki.com/Category:Lower_Guk,https://wiki.project1999.com/Ruins_of_Old_Guk,,Yes,1,AC 10; STA +3; WIS +5,AC 10; STA +3; WIS +5,ALL except NEC WIZ MAG ENC,ALL,,,Current EQL Wiki-listed; direct-build confirmation incomplete,Add,Wiki,Wiki,Wiki,Changed,No identified change,No identified change,Changed,,Classic-retained with EQL changes,https://eqlwiki.com/Category:Lower_Guk,,2026-07-28,EQL focus addition: Spell Haste II.,,,Yes,Listed,Current Wiki evidence,No,B,Current EQL Wiki item/NPC/category evidence with Project 1999 historical comparison.,None identified,Yes,Classic,,Current EQL Wiki,Current fields from EQL Wiki; classic fields from Project 1999/classic baseline; live-side placement audited separately from undead side.,EQL-LOOT-1.0,loot,Active,,B24A-LIVE-007,,,Yes,Yes,,,Frogloks of Guk -30,,,,,Hostile,,,Froglok,,a froglok crusader,,,Frogloks of Guk,Hostile,Lower Guk — Live Side,,Open-world indoor dungeon,Live Keep,,,Crusader lower floor,,,,,,a froglok crusader,Named / notable live-side source,,,,,,,,,,,,,,,,,,,,,,Open World,Open World,,,,,,,,,,,NPC Corpse,,,,,,,,,,,,,,,,,,,,,,,,,,,,,,,,,,,,,,,,,,,,,,,,,,,,,,,,,No,,,,,,,,,,,,,,,,,,,,Available,Lower Guk live-side content group; undead side excluded,,,,Confirmed,Unconfirmed,,,,,,B24A-LGUK-LIVE,
8,B24A-LIVE-008,24A,Antonica,Lower Guk,Crown of the Froglok Kings,Armor,HEAD,Yes,No,Yes,Yes,,,0.5,SMALL,ALL,ALL,AC 12; SV FIRE +20; SV COLD +20,,,,,the froglok king,47,Paladin,Froglok,High-rank Guk guards / King-room cycle,,,,Froglok King room,Approximately 28 minutes,,,,,,,,Classic / historical,,Current EQL Wiki-listed,,,,,,,,"Notable exact-source live-side equipment, container, or progression relationship.",Zone subdivision-specific,Core,High,https://eqlwiki.com/Category:Lower_Guk,https://wiki.project1999.com/Ruins_of_Old_Guk,,Yes,1,AC 12; SV FIRE +20; SV COLD +20,AC 12; SV FIRE +20; SV COLD +20,ALL,ALL,47,47,Current EQL Wiki-listed; direct-build confirmation incomplete,Add,Wiki,Wiki,Wiki,No identified change,No identified change,No identified change,No identified change,Current page-listed / unresolved details,Classic-retained,https://eqlwiki.com/Category:Lower_Guk,,2026-07-28,,,,Yes,Listed,Current Wiki evidence,No,B,Current EQL Wiki item/NPC/category evidence with Project 1999 historical comparison.,None identified,Yes,Classic,,Current EQL Wiki,Current fields from EQL Wiki; classic fields from Project 1999/classic baseline; live-side placement audited separately from undead side.,EQL-LOOT-1.0,loot,Active,,B24A-LIVE-008,,,Yes,Yes,,,Frogloks of Guk -30,,,,,Hostile,,,Froglok,,the froglok king,,,Frogloks of Guk,Hostile,Lower Guk — Live Side,,Open-world indoor dungeon,King wing,,,Froglok King room,,,,,,the froglok king,Named / notable live-side source,,,,,,,,,,,,High-rank Guk guards / King-room cycle,,,,,,,,,,Open World,Open World,,,,,,,,,,,NPC Corpse,,,,,,,,,,,,,,,,,,,,,,,,,,,,,,,,,,,,,,,,,,,,,,,,,,,,,,,,,No,,,,,,,,,,,,,,,,,,,,Available,Lower Guk live-side content group; undead side excluded,,,,Confirmed,Unconfirmed,,,,,,B24A-LGUK-LIVE,
9,B24A-LIVE-009,24A,Antonica,Lower Guk,Mithril Two-Handed Sword,Weapon,PRIMARY,Yes,No,Yes,Yes,,,8.5,LARGE,WAR PAL SHD,ALL,HASTE +31%,21,40,2H Slashing,,the froglok king,47,Paladin,Froglok,High-rank Guk guards / King-room cycle,,,,Froglok King room,Approximately 28 minutes,,,,,,,,Classic / historical,,Current EQL Wiki-listed,,,Weapon ratio 0.525,,,,,"Notable exact-source live-side equipment, container, or progression relationship.",Zone subdivision-specific,Core,High,https://eqlwiki.com/Category:Lower_Guk,https://wiki.project1999.com/Ruins_of_Old_Guk,,Yes,1,,HASTE +31%,WAR PAL SHD,ALL,47,47,Current EQL Wiki-listed; direct-build confirmation incomplete,Add,Wiki,Wiki,Wiki,Changed,No identified change,No identified change,No identified change,Current page-listed / unresolved details,Classic-retained with EQL changes,https://eqlwiki.com/Category:Lower_Guk,,2026-07-28,Current EQL item carries Haste +31%.,,,Yes,Listed,Current Wiki evidence,No,B,Current EQL Wiki item/NPC/category evidence with Project 1999 historical comparison.,None identified,Yes,Classic,,Current EQL Wiki,Current fields from EQL Wiki; classic fields from Project 1999/classic baseline; live-side placement audited separately from undead side.,EQL-LOOT-1.0,loot,Active,,B24A-LIVE-009,,,Yes,Yes,,,Frogloks of Guk -30,,,,,Hostile,,,Froglok,,the froglok king,,,Frogloks of Guk,Hostile,Lower Guk — Live Side,,Open-world indoor dungeon,King wing,,,Froglok King room,,,,,,the froglok king,Named / notable live-side source,,,,,,,,,,,,High-rank Guk guards / King-room cycle,,,,,,,,,,Open World,Open World,,,,,,,,,,,NPC Corpse,,,,,,,,,,,,,,,,,,,,,,,,,,,,,,,,,,,,,,,,,,,,,,,,,,,,,,,,,No,,,,,,,,,,Rogue Epic,,Later quest dependency; drop relationship stored separately,,,,,,,,Available,Lower Guk live-side content group; undead side excluded,,,,Confirmed,Unconfirmed,,,,,,B24A-LGUK-LIVE,
10,B24A-LIVE-010,24A,Antonica,Lower Guk,Bag of Sewn Evil-Eye,Container,,No,Yes,,,,,,,ALL,ALL,,,,,,an evil eye,34-36,Wizard,Evil Eye,a froglok urd shaman,,,,Evil Eye ledge,28 minutes,,,,,,,Current signature container drop; guaranteed claim remains unverified.,Classic / historical,,Current EQL Wiki-listed,,,,,,,,"Notable exact-source live-side equipment, container, or progression relationship.",Zone subdivision-specific,Core,High,https://eqlwiki.com/Category:Lower_Guk,https://wiki.project1999.com/Ruins_of_Old_Guk,,Yes,1,,,ALL,ALL,34-36,34-36,Current EQL Wiki-listed; direct-build confirmation incomplete,Add,Wiki,Wiki,Wiki,No identified change,No identified change,No identified change,No identified change,Current page-listed / unresolved details,Classic-retained,https://eqlwiki.com/Category:Lower_Guk,,2026-07-28,,,,Yes,Listed,Current Wiki evidence,No,B,Current EQL Wiki item/NPC/category evidence with Project 1999 historical comparison.,None identified,Yes,Classic,,Current EQL Wiki,Current fields from EQL Wiki; classic fields from Project 1999/classic baseline; live-side placement audited separately from undead side.,EQL-LOOT-1.0,loot,Active,,B24A-LIVE-010,,,Yes,Yes,,,Frogloks of Guk -30,,,,,Hostile,,,Evil Eye,,an evil eye,,,Frogloks of Guk,Hostile,Lower Guk — Live Side,,Open-world indoor dungeon,Evil Eye branch,,,Evil Eye ledge,,,,,,an evil eye,Named / notable live-side source,,,,,,,,,,,,a froglok urd shaman,,,,,,,,,,Open World,Open World,,,,,,,,,,,NPC Corpse,,,,,,,,,,,,,,,,,,,,,,,,,,,,,,,,,,,,,,,,,,,,,,,,,,,,,,,,,No,,,,,,,,,,,,,,,,,,,,Available,Lower Guk live-side content group; undead side excluded,,,,Confirmed,Unconfirmed,,,,,,B24A-LGUK-LIVE,
11,B24A-LIVE-011,24A,Antonica,Lower Guk,Evil Eye Eyestalks,Quest / Tradeskill Component,,No,Yes,,,,Yes,,,ALL,ALL,,,,,,an evil eye,34-36,Wizard,Evil Eye,a froglok urd shaman,,,,Evil Eye ledge,28 minutes,,,,,,,,Classic / historical,,Current EQL Wiki-listed,,,,,,,,"Notable exact-source live-side equipment, container, or progression relationship.",Zone subdivision-specific,Core,High,https://eqlwiki.com/Category:Lower_Guk,https://wiki.project1999.com/Ruins_of_Old_Guk,,Yes,1,,,ALL,ALL,34-36,34-36,Current EQL Wiki-listed; direct-build confirmation incomplete,Add,Wiki,Wiki,Wiki,No identified change,No identified change,No identified change,No identified change,Current page-listed / unresolved details,Classic-retained,https://eqlwiki.com/Category:Lower_Guk,,2026-07-28,,,,Yes,Listed,Current Wiki evidence,No,B,Current EQL Wiki item/NPC/category evidence with Project 1999 historical comparison.,None identified,Yes,Classic,,Current EQL Wiki,Current fields from EQL Wiki; classic fields from Project 1999/classic baseline; live-side placement audited separately from undead side.,EQL-LOOT-1.0,loot,Active,,B24A-LIVE-011,,,Yes,Yes,,,Frogloks of Guk -30,,,,,Hostile,,,Evil Eye,,an evil eye,,,Frogloks of Guk,Hostile,Lower Guk — Live Side,,Open-world indoor dungeon,Evil Eye branch,,,Evil Eye ledge,,,,,,an evil eye,Named / notable live-side source,,,,,,,,,,,,a froglok urd shaman,,,,,,,,,,Open World,Open World,,,,,,,,,,,NPC Corpse,,,,,,,,,,,,,,,,,,,,,,,,,,,,,,,,,,,,,,,,,,,,,,,,,,,,,,,,,No,,,,,,,,,,,,,,,,,,,,Available,Lower Guk live-side content group; undead side excluded,,,,Confirmed,Unconfirmed,,,,,,B24A-LGUK-LIVE,
12,B24A-LIVE-012,24A,Antonica,Lower Guk,Bunch of Optic Nerves,Quest / Tradeskill Component,,No,Yes,,,,Yes,,,ALL,ALL,,,,,,an evil eye,34-36,Wizard,Evil Eye,a froglok urd shaman,,,,Evil Eye ledge,28 minutes,,,,,,,,Classic / historical,,Current EQL Wiki-listed,,,,,,,,"Notable exact-source live-side equipment, container, or progression relationship.",Zone subdivision-specific,Core,High,https://eqlwiki.com/Category:Lower_Guk,https://wiki.project1999.com/Ruins_of_Old_Guk,,Yes,1,,,ALL,ALL,34-36,34-36,Current EQL Wiki-listed; direct-build confirmation incomplete,Add,Wiki,Wiki,Wiki,No identified change,No identified change,No identified change,No identified change,Current page-listed / unresolved details,Classic-retained,https://eqlwiki.com/Category:Lower_Guk,,2026-07-28,,,,Yes,Listed,Current Wiki evidence,No,B,Current EQL Wiki item/NPC/category evidence with Project 1999 historical comparison.,None identified,Yes,Classic,,Current EQL Wiki,Current fields from EQL Wiki; classic fields from Project 1999/classic baseline; live-side placement audited separately from undead side.,EQL-LOOT-1.0,loot,Active,,B24A-LIVE-012,,,Yes,Yes,,,Frogloks of Guk -30,,,,,Hostile,,,Evil Eye,,an evil eye,,,Frogloks of Guk,Hostile,Lower Guk — Live Side,,Open-world indoor dungeon,Evil Eye branch,,,Evil Eye ledge,,,,,,an evil eye,Named / notable live-side source,,,,,,,,,,,,a froglok urd shaman,,,,,,,,,,Open World,Open World,,,,,,,,,,,NPC Corpse,,,,,,,,,,,,,,,,,,,,,,,,,,,,,,,,,,,,,,,,,,,,,,,,,,,,,,,,,No,,,,,,,,,,,,,,,,,,,,Available,Lower Guk live-side content group; undead side excluded,,,,Confirmed,Unconfirmed,,,,,,B24A-LGUK-LIVE,
13,B24A-LIVE-META-001,24A,Antonica,Lower Guk,Lower Guk live-side current status,,,,,,,,,,,,,,,,,,,,,,,,,,,,,,,,,,,,,,,,,,,,,,Zone subdivision-specific,Supplemental,Medium,https://eqlwiki.com/Category:Lower_Guk,https://wiki.project1999.com/Ruins_of_Old_Guk,,Yes,1,,,,,,,Current EQL Wiki-supported; direct-build confirmation varies,Add,,,,,,,,,,https://eqlwiki.com/Category:Lower_Guk,,2026-07-28,,,,Yes,Listed,Current Wiki evidence,No,C,Current EQL Lower Guk records with classic live-side comparison.,,,,,Current EQL Wiki,,EQL-LOOT-1.0,zone_metadata,Metadata,,B24A-LIVE-META-001,,,No,No,Available current EQL content; substantially classic-retained and not established as a comprehensive revamp.,,,,,,,,,,,,,,,,,,,Open-world indoor dungeon,,,,,,,,,,Lower Guk live-side current status,,,,,,,,,,,,Available current EQL content; substantially classic-retained and not established as a comprehensive revamp.,,,,,,,,,,,Open World,Open World,,,,,,,,,,,,,,,,,,,,,,,,,,,,,,,,,,,,,,,,,,,,,,,,,,,,,,,,,,,,,,,,,,,,No,,,,,,,,,,,,,,,,,,,,Available,Lower Guk live-side content group; undead side excluded,,,,Confirmed,Unconfirmed,,,,zone-status,,B24A-LGUK-LIVE,
14,B24A-LIVE-META-002,24A,Antonica,Lower Guk,Batch 24A and 24B logical split,,,,,,,,,,,,,,,,,,,,,,,,,,,,,,,,,,,,,,,,,,,,,,Zone subdivision-specific,Supplemental,Medium,https://eqlwiki.com/Category:Lower_Guk,https://wiki.project1999.com/Ruins_of_Old_Guk,,Yes,1,,,,,,,Current EQL Wiki-supported; direct-build confirmation varies,Add,,,,,,,,,,https://eqlwiki.com/Category:Lower_Guk,,2026-07-28,,,,Yes,Listed,Current Wiki evidence,No,C,Current EQL Lower Guk records with classic live-side comparison.,,,,,Current EQL Wiki,,EQL-LOOT-1.0,zone_metadata,Metadata,,B24A-LIVE-META-002,,,No,No,One physical zone is separated into live-side and undead-side content groups with different CSVs and content_group_id values.,,,,,,,,,,,,,,,,,,,Open-world indoor dungeon,,,,,,,,,,Batch 24A and 24B logical split,,,,,,,,,,,,One physical zone is separated into live-side and undead-side content groups with different CSVs and content_group_id values.,,,,,,,,,,,Open World,Open World,,,,,,,,,,,,,,,,,,,,,,,,,,,,,,,,,,,,,,,,,,,,,,,,,,,,,,,,,,,,,,,,,,,,No,,,,,,,,,,,,,,,,,,,,Available,Lower Guk live-side content group; undead side excluded,,,,Confirmed,Unconfirmed,,,,batch-boundary,,B24A-LGUK-LIVE,
15,B24A-LIVE-META-003,24A,Antonica,Lower Guk,Lower Guk live-side region structure,,,,,,,,,,,,,,,,,,,,,,,,,,,,,,,,,,,,,,,,,,,,,,Zone subdivision-specific,Supplemental,Medium,https://eqlwiki.com/Category:Lower_Guk,https://wiki.project1999.com/Ruins_of_Old_Guk,,Yes,1,,,,,,,Current EQL Wiki-supported; direct-build confirmation varies,Add,,,,,,,,,,https://eqlwiki.com/Category:Lower_Guk,,2026-07-28,,,,Yes,Listed,Current Wiki evidence,No,C,Current EQL Lower Guk records with classic live-side comparison.,,,,,Current EQL Wiki,,EQL-LOOT-1.0,zone_metadata,Metadata,,B24A-LIVE-META-003,,,No,No,"Live entrance, Elder/Raster branch, minotaur maze, Patriarch route, Evil Eye, Noble/Live Keep, Water Elemental, Herbalist, and King wing.",,,,,,,,,,,,,,,,,,,Open-world indoor dungeon,,,,,,,,,,Lower Guk live-side region structure,,,,,,,,,,,,"Live entrance, Elder/Raster branch, minotaur maze, Patriarch route, Evil Eye, Noble/Live Keep, Water Elemental, Herbalist, and King wing.",,,,,,,,,,,Open World,Open World,,,,,,,,,,,,,,,,,,,,,,,,,,,,,,,,,,,,,,,,,,,,,,,,,,,,,,,,,,,,,,,,,,,,No,,,,,,,,,,,,,,,,,,,,Available,Lower Guk live-side content group; undead side excluded,,,,Confirmed,Unconfirmed,,,,zone-layout,,B24A-LGUK-LIVE,
16,B24A-LIVE-META-004,24A,Antonica,Lower Guk,Lower Guk live-side froglok taxonomy,,,,,,,,,,,,,,,,,,,,,,,,,,,,,,,,,,,,,,,,,,,,,,Zone subdivision-specific,Supplemental,Medium,https://eqlwiki.com/Category:Lower_Guk,https://wiki.project1999.com/Ruins_of_Old_Guk,,Yes,1,,,,,,,Current EQL Wiki-supported; direct-build confirmation varies,Add,,,,,,,,,,https://eqlwiki.com/Category:Lower_Guk,,2026-07-28,,,,Yes,Listed,Current Wiki evidence,No,C,Current EQL Lower Guk records with classic live-side comparison.,,,,,Current EQL Wiki,,EQL-LOOT-1.0,zone_metadata,Metadata,,B24A-LIVE-META-004,,,No,No,"Live-side ranks include Shin, Tsu, Vis, Tal, Wan, Urd, Zol, Yun, Dar, Kor, Bok, Jin, and Guk; caste and combat role remain separate.",,,,,,,,,,,,,,,,,,,Open-world indoor dungeon,,,,,,,,,,Lower Guk live-side froglok taxonomy,,,,,,,,,,,,"Live-side ranks include Shin, Tsu, Vis, Tal, Wan, Urd, Zol, Yun, Dar, Kor, Bok, Jin, and Guk; caste and combat role remain separate.",,,,,,,,,,,Open World,Open World,,,,,,,,,,,,,,,,,,,,,,,,,,,,,,,,,,,,,,,,,,,,,,,,,,,,,,,,,,,,,,,,,,,,No,,,,,,,,,,,,,,,,,,,,Available,Lower Guk live-side content group; undead side excluded,,,,Confirmed,Unconfirmed,,,,taxonomy,,B24A-LGUK-LIVE,
17,B24A-LIVE-META-005,24A,Antonica,Lower Guk,Lower Guk live-side named-cycle framework,,,,,,,,,,,,,,,,,,,,,,,,,,,,,,,,,,,,,,,,,,,,,,Zone subdivision-specific,Supplemental,Medium,https://eqlwiki.com/Category:Lower_Guk,https://wiki.project1999.com/Ruins_of_Old_Guk,,Yes,1,,,,,,,Current EQL Wiki-supported; direct-build confirmation varies,Add,,,,,,,,,,https://eqlwiki.com/Category:Lower_Guk,,2026-07-28,,,,Yes,Listed,Current Wiki evidence,No,C,Current EQL Lower Guk records with classic live-side comparison.,,,,,Current EQL Wiki,,EQL-LOOT-1.0,zone_metadata,Metadata,,B24A-LIVE-META-005,,,No,No,Approximately 28 minutes is the working historical/current page baseline for several named encounters; universal application remains unresolved.,,,,,,,,,,,,,,,,,,,Open-world indoor dungeon,,,,,,,,,,Lower Guk live-side named-cycle framework,,,,,,,,,,,,Approximately 28 minutes is the working historical/current page baseline for several named encounters; universal application remains unresolved.,,,,,,,,,,,Open World,Open World,,,,,,,,,,,,,,,,,,,,,,,,,,,,,,,,,,,,,,,,,,,,,,,,,,,,,,,,,,,,,,,,,,,,No,,,,,,,,,,,,,,,,,,,,Available,Lower Guk live-side content group; undead side excluded,,,,Confirmed,Unconfirmed,,,,timers,,B24A-LGUK-LIVE,
18,B24A-LIVE-META-006,24A,Antonica,Lower Guk,Lower Guk live-side faction framework,,,,,,,,,,,,,,,,,,,,,,,,,,,,,,,,,,,,,,,,,,,,,,Zone subdivision-specific,Supplemental,Medium,https://eqlwiki.com/Category:Lower_Guk,https://wiki.project1999.com/Ruins_of_Old_Guk,,Yes,1,,,,,,,Current EQL Wiki-supported; direct-build confirmation varies,Add,,,,,,,,,,https://eqlwiki.com/Category:Lower_Guk,,2026-07-28,,,,Yes,Listed,Current Wiki evidence,No,C,Current EQL Lower Guk records with classic live-side comparison.,,,,,Current EQL Wiki,,EQL-LOOT-1.0,zone_metadata,Metadata,,B24A-LIVE-META-006,,,No,No,Frogloks of Guk includes many named frogs and some non-froglok encounters; faction must be assigned individually.,,,,,,,,,,,,,,,,,,,Open-world indoor dungeon,,,,,,,,,,Lower Guk live-side faction framework,,,,,,,,,,,,Frogloks of Guk includes many named frogs and some non-froglok encounters; faction must be assigned individually.,,,,,,,,,,,Open World,Open World,,,,,,,,,,,,,,,,,,,,,,,,,,,,,,,,,,,,,,,,,,,,,,,,,,,,,,,,,,,,,,,,,,,,No,,,,,,,,,,,,,,,,,,,,Available,Lower Guk live-side content group; undead side excluded,,,,Confirmed,Unconfirmed,,,,faction,,B24A-LGUK-LIVE,
19,B24A-LIVE-META-007,24A,Antonica,Lower Guk,Lower Guk internal transition risk,,,,,,,,,,,,,,,,,,,,,,,,,,,,,,,,,,,,,,,,,,,,,,Zone subdivision-specific,Supplemental,Medium,https://eqlwiki.com/Category:Lower_Guk,https://wiki.project1999.com/Ruins_of_Old_Guk,,Yes,1,,,,,,,Current EQL Wiki-supported; direct-build confirmation varies,Add,,,,,,,,,,https://eqlwiki.com/Category:Lower_Guk,,2026-07-28,,,,Yes,Listed,Current Wiki evidence,No,C,Current EQL Lower Guk records with classic live-side comparison.,,,,,Current EQL Wiki,,EQL-LOOT-1.0,zone_metadata,Metadata,,B24A-LIVE-META-007,,,No,No,"Live/dead bridge, tower, pit routes, and broad category pages can contaminate source classification.",,,,,,,,,,,,,,,,,,,Open-world indoor dungeon,,,,,,,,,,Lower Guk internal transition risk,,,,,,,,,,,,"Live/dead bridge, tower, pit routes, and broad category pages can contaminate source classification.",,,,,,,,,,,Open World,Open World,,,,,,,,,,,,,,,,,,,,,,,,,,,,,,,,,,,,,,,,,,,,,,,,,,,,,,,,,,,,,,,,,,,,No,,,,,,,,,,,,,,,,,,,,Available,Lower Guk live-side content group; undead side excluded,,,,Confirmed,Unconfirmed,,,,access;contamination,,B24A-LGUK-LIVE,
20,B24A-LIVE-META-008,24A,Antonica,Lower Guk,Froglok King escape and train hazards,,,,,,,,,,,,,,,,,,,,,,,,,,,,,,,,,,,,,,,,,,,,,,Zone subdivision-specific,Supplemental,Medium,https://eqlwiki.com/Category:Lower_Guk,https://wiki.project1999.com/Ruins_of_Old_Guk,,Yes,1,,,,,,,Current EQL Wiki-supported; direct-build confirmation varies,Add,,,,,,,,,,https://eqlwiki.com/Category:Lower_Guk,,2026-07-28,,,,Yes,Listed,Current Wiki evidence,No,C,Current EQL Lower Guk records with classic live-side comparison.,,,,,Current EQL Wiki,,EQL-LOOT-1.0,zone_metadata,Metadata,,B24A-LIVE-META-008,,,No,No,"One-way King-room escape, fleeing frogs, healers, casters, pits, wall pathing, and cross-side trains are major operational hazards.",,,,,,,,,,,,,,,,,,,Open-world indoor dungeon,,,,,,,,,,Froglok King escape and train hazards,,,,,,,,,,,,"One-way King-room escape, fleeing frogs, healers, casters, pits, wall pathing, and cross-side trains are major operational hazards.",,,,,,,,,,,Open World,Open World,,,,,,,,,,,,,,,,,,,,,,,,,,,,,,,,,,,,,,,,,,,,,,,,,,,,,,,,,,,,,,,,,,,,No,,,,,,,,,,,,,,,,,,,,Available,Lower Guk live-side content group; undead side excluded,,,,Confirmed,Unconfirmed,,,,hazards,,B24A-LGUK-LIVE,
21,B24A-LIVE-ENC-001,24A,Antonica,Lower Guk,Upper Guk live-side zone line,,,,,,,,,,,,,,,,,,,,,,,,28-34,,,,,,Zone-line trains,,,,,,,,,,,,,,,,Zone subdivision-specific,Supplemental,Medium,https://eqlwiki.com/Category:Lower_Guk,https://wiki.project1999.com/Ruins_of_Old_Guk,,Yes,1,,,,,,,Current EQL Wiki-supported; direct-build confirmation varies,Add,,,,,,,,,,https://eqlwiki.com/Category:Lower_Guk,,2026-07-28,,,,Yes,Listed,Current Wiki evidence,No,C,Current EQL Lower Guk records with classic live-side comparison.,,,,,Current EQL Wiki,,EQL-LOOT-1.0,encounter_metadata,Metadata,,B24A-LIVE-ENC-001,,,No,No,Dedicated live-side entrance from Upper Guk.,,,,,,,,,,,,,,,,,,,Open-world indoor dungeon,Live entrance,,,Upper Guk transition,,,,,,Upper Guk live-side zone line,Access / Camp Population,,,,,,,,,,,Dedicated live-side entrance from Upper Guk.,,,,,,,,,,,Open World,Open World,,,,,,,,,,,,,,,,,,,,,,,,,,,,,,,,,,,,,,,,,,,,,,,,,,,,,,,,,,,,,,,,,,,,No,,,,,,,,,,,,,,,,,,,,Available,Lower Guk live-side content group; undead side excluded,,,,Confirmed,Unconfirmed,,,,,,B24A-LGUK-LIVE,
22,B24A-LIVE-ENC-002,24A,Antonica,Lower Guk,Entrance basilisk population,,,,,,,,,,,,,,,,,,,,,,,,28-32,,,,,,No-faction exception,,,,,,,,,,,,,,,,Zone subdivision-specific,Supplemental,Medium,https://eqlwiki.com/Category:Lower_Guk,https://wiki.project1999.com/Ruins_of_Old_Guk,,Yes,1,,,,,,,Current EQL Wiki-supported; direct-build confirmation varies,Add,,,,,,,,,,https://eqlwiki.com/Category:Lower_Guk,,2026-07-28,,,,Yes,Listed,Current Wiki evidence,No,C,Current EQL Lower Guk records with classic live-side comparison.,,,,,Current EQL Wiki,,EQL-LOOT-1.0,encounter_metadata,Metadata,,B24A-LIVE-ENC-002,,,No,No,Aggressive basilisks guard the live-side entrance and have no established notable loot.,,,,,,,,,,,,,,,,,,,Open-world indoor dungeon,Live entrance,,,Basilisk entrance,,,,,,Entrance basilisk population,Shared Population,,,,,,,,,,,Aggressive basilisks guard the live-side entrance and have no established notable loot.,,,,,,,,,,,Open World,Open World,,,,,,,,,,,,,,,,,,,,,,,,,,,,,,,,,,,,,,,,,,,,,,,,,,,,,,,,,,,,,,,,,,,,No,,,,,,,,,,,,,,,,,,,,Available,Lower Guk live-side content group; undead side excluded,,,,Confirmed,Unconfirmed,,,,,,B24A-LGUK-LIVE,
23,B24A-LIVE-ENC-003,24A,Antonica,Lower Guk,"Early Shin, Vis, and Tal population",,,,,,,,,,,,,,,,,,,,,,,,28-36,,,,,,Runners and social aggro,,,,,,,,,,,,,,,,Zone subdivision-specific,Supplemental,Medium,https://eqlwiki.com/Category:Lower_Guk,https://wiki.project1999.com/Ruins_of_Old_Guk,,Yes,1,,,,,,,Current EQL Wiki-supported; direct-build confirmation varies,Add,,,,,,,,,,https://eqlwiki.com/Category:Lower_Guk,,2026-07-28,,,,Yes,Listed,Current Wiki evidence,No,C,Current EQL Lower Guk records with classic live-side comparison.,,,,,Current EQL Wiki,,EQL-LOOT-1.0,encounter_metadata,Metadata,,B24A-LIVE-ENC-003,,,No,No,Lower-rank live frogs and broad shared loot.,,,,,,,,,,,,,,,,,,,Open-world indoor dungeon,Live entrance,,,Early live tunnels,,,,,,"Early Shin, Vis, and Tal population",Shared Population,,,,,,,,,,,Lower-rank live frogs and broad shared loot.,,,,,,,,,,,Open World,Open World,,,,,,,,,,,,,,,,,,,,,,,,,,,,,,,,,,,,,,,,,,,,,,,,,,,,,,,,,,,,,,,,,,,,No,,,,,,,,,,,,,,,,,,,,Available,Lower Guk live-side content group; undead side excluded,,,,Confirmed,Unconfirmed,,,,,,B24A-LGUK-LIVE,
24,B24A-LIVE-ENC-004,24A,Antonica,Lower Guk,Elder pit and cauldron route,,,,,,,,,,,,,,,,,,,,,,,,32-40,,,,,,Pit and cross-side traffic,,,,,,,,,,,,,,,,Zone subdivision-specific,Supplemental,Medium,https://eqlwiki.com/Category:Lower_Guk,https://wiki.project1999.com/Ruins_of_Old_Guk,,Yes,1,,,,,,,Current EQL Wiki-supported; direct-build confirmation varies,Add,,,,,,,,,,https://eqlwiki.com/Category:Lower_Guk,,2026-07-28,,,,Yes,Listed,Current Wiki evidence,No,C,Current EQL Lower Guk records with classic live-side comparison.,,,,,Current EQL Wiki,,EQL-LOOT-1.0,encounter_metadata,Metadata,,B24A-LIVE-ENC-004,,,No,No,"Pit and bridge route connecting Elder, Raster, and transition paths.",,,,,,,,,,,,,,,,,,,Open-world indoor dungeon,Elder branch,,,Elder pit,,,,,,Elder pit and cauldron route,Access / Camp Hub,,,,,,,,,,,"Pit and bridge route connecting Elder, Raster, and transition paths.",,,,,,,,,,,Open World,Open World,,,,,,,,,,,,,,,,,,,,,,,,,,,,,,,,,,,,,,,,,,,,,,,,,,,,,,,,,,,,,,,,,,,,No,,,,,,,,,,,,,,,,,,,,Available,Lower Guk live-side content group; undead side excluded,,,,Confirmed,Unconfirmed,,,,,,B24A-LGUK-LIVE,
25,B24A-LIVE-ENC-005,24A,Antonica,Lower Guk,Minotaur Elder encounter,,,,,,,,,,,,,,,,,,,,,,,,33,,,,,,Current spawn details incomplete,,,,,,,,,,,,,,,,Zone subdivision-specific,Supplemental,Medium,https://eqlwiki.com/Category:Lower_Guk,https://wiki.project1999.com/Ruins_of_Old_Guk,,Yes,1,,,,,,,Current EQL Wiki-supported; direct-build confirmation varies,Add,,,,,,,,,,https://eqlwiki.com/Category:Lower_Guk,,2026-07-28,,,,Yes,Listed,Current Wiki evidence,No,C,Current EQL Lower Guk records with classic live-side comparison.,,,,,Current EQL Wiki,,EQL-LOOT-1.0,encounter_metadata,Metadata,,B24A-LIVE-ENC-005,,,No,No,Exact source for Chrysoberyl Talisman and Carved Ivory Mask.,,,,,,,,,,,,,,,,,,,Open-world indoor dungeon,Elder branch,,,Minotaur Elder pit,,,,,,Minotaur Elder encounter,Named Encounter,,,,,,,,,,,Exact source for Chrysoberyl Talisman and Carved Ivory Mask.,,,,,,,,,,,Open World,Open World,,,,,,,,,,,,,,,,,,,,,,,,,,,,,,,,,,,,,,,,,,,,,,,,,,,,,,,,,,,,,,,,,,,,No,,,,,,,,,,,,,,,,,,,,Available,Lower Guk live-side content group; undead side excluded,,,,Confirmed,Unconfirmed,,,,,,B24A-LGUK-LIVE,
26,B24A-LIVE-ENC-006,24A,Antonica,Lower Guk,Raster alcove,,,,,,,,,,,,,,,,,,,,,,,,35 historical,,,,,,Exceptional rarity,,,,,,,,,,,,,,,,Zone subdivision-specific,Supplemental,Medium,https://eqlwiki.com/Category:Lower_Guk,https://wiki.project1999.com/Ruins_of_Old_Guk,,Yes,1,,,,,,,Current EQL Wiki-supported; direct-build confirmation varies,Add,,,,,,,,,,https://eqlwiki.com/Category:Lower_Guk,,2026-07-28,,,,Yes,Listed,Current Wiki evidence,No,C,Current EQL Lower Guk records with classic live-side comparison.,,,,,Current EQL Wiki,,EQL-LOOT-1.0,encounter_metadata,Metadata,,B24A-LIVE-ENC-006,,,No,No,Extremely rare monk quest NPC; current implementation unresolved.,,,,,,,,,,,,,,,,,,,Open-world indoor dungeon,Elder branch,,,Raster alcove,,,,,,Raster alcove,Rare Quest Encounter,,,,,,,,,,,Extremely rare monk quest NPC; current implementation unresolved.,,,,,,,,,,,Open World,Open World,,,,,,,,,,,,,,,,,,,,,,,,,,,,,,,,,,,,,,,,,,,,,,,,,,,,,,,,,,,,,,,,,,,,No,,,,,,,,,,,,,,,,,,,,Available,Lower Guk live-side content group; undead side excluded,,,,Confirmed,Unconfirmed,,,,,,B24A-LGUK-LIVE,
27,B24A-LIVE-ENC-007,24A,Antonica,Lower Guk,Live-to-dead bridge and tower,,,,,,,,,,,,,,,,,,,,,,,,35-45,,,,,,Cross-side trains,,,,,,,,,,,,,,,,Zone subdivision-specific,Supplemental,Medium,https://eqlwiki.com/Category:Lower_Guk,https://wiki.project1999.com/Ruins_of_Old_Guk,,Yes,1,,,,,,,Current EQL Wiki-supported; direct-build confirmation varies,Add,,,,,,,,,,https://eqlwiki.com/Category:Lower_Guk,,2026-07-28,,,,Yes,Listed,Current Wiki evidence,No,C,Current EQL Lower Guk records with classic live-side comparison.,,,,,Current EQL Wiki,,EQL-LOOT-1.0,encounter_metadata,Metadata,,B24A-LIVE-ENC-007,,,No,No,Important contamination boundary between live and undead content.,,,,,,,,,,,,,,,,,,,Open-world indoor dungeon,Transition network,,,Bridge and tower,,,,,,Live-to-dead bridge and tower,Access Network,,,,,,,,,,,Important contamination boundary between live and undead content.,,,,,,,,,,,Open World,Open World,,,,,,,,,,,,,,,,,,,,,,,,,,,,,,,,,,,,,,,,,,,,,,,,,,,,,,,,,,,,,,,,,,,,No,,,,,,,,,,,,,,,,,,,,Available,Lower Guk live-side content group; undead side excluded,,,,Confirmed,Unconfirmed,,,,,,B24A-LGUK-LIVE,
28,B24A-LIVE-ENC-008,24A,Antonica,Lower Guk,Minotaur maze and setup area,,,,,,,,,,,,,,,,,,,,,,,,32-42,,,,,,Maze pathing,,,,,,,,,,,,,,,,Zone subdivision-specific,Supplemental,Medium,https://eqlwiki.com/Category:Lower_Guk,https://wiki.project1999.com/Ruins_of_Old_Guk,,Yes,1,,,,,,,Current EQL Wiki-supported; direct-build confirmation varies,Add,,,,,,,,,,https://eqlwiki.com/Category:Lower_Guk,,2026-07-28,,,,Yes,Listed,Current Wiki evidence,No,C,Current EQL Lower Guk records with classic live-side comparison.,,,,,Current EQL Wiki,,EQL-LOOT-1.0,encounter_metadata,Metadata,,B24A-LIVE-ENC-008,,,No,No,"Greater minotaurs, wanderers, and pull setup.",,,,,,,,,,,,,,,,,,,Open-world indoor dungeon,Minotaur maze,,,Maze setup,,,,,,Minotaur maze and setup area,Camp Population,,,,,,,,,,,"Greater minotaurs, wanderers, and pull setup.",,,,,,,,,,,Open World,Open World,,,,,,,,,,,,,,,,,,,,,,,,,,,,,,,,,,,,,,,,,,,,,,,,,,,,,,,,,,,,,,,,,,,,No,,,,,,,,,,,,,,,,,,,,Available,Lower Guk live-side content group; undead side excluded,,,,Confirmed,Unconfirmed,,,,,,B24A-LGUK-LIVE,
29,B24A-LIVE-ENC-009,24A,Antonica,Lower Guk,Three-minotaur room,,,,,,,,,,,,,,,,,,,,,,,,32-42,,,,,,Multi-add pulls,,,,,,,,,,,,,,,,Zone subdivision-specific,Supplemental,Medium,https://eqlwiki.com/Category:Lower_Guk,https://wiki.project1999.com/Ruins_of_Old_Guk,,Yes,1,,,,,,,Current EQL Wiki-supported; direct-build confirmation varies,Add,,,,,,,,,,https://eqlwiki.com/Category:Lower_Guk,,2026-07-28,,,,Yes,Listed,Current Wiki evidence,No,C,Current EQL Lower Guk records with classic live-side comparison.,,,,,Current EQL Wiki,,EQL-LOOT-1.0,encounter_metadata,Metadata,,B24A-LIVE-ENC-009,,,No,No,Compact minotaur pull area.,,,,,,,,,,,,,,,,,,,Open-world indoor dungeon,Minotaur maze,,,Three-minotaur room,,,,,,Three-minotaur room,Camp Population,,,,,,,,,,,Compact minotaur pull area.,,,,,,,,,,,Open World,Open World,,,,,,,,,,,,,,,,,,,,,,,,,,,,,,,,,,,,,,,,,,,,,,,,,,,,,,,,,,,,,,,,,,,,No,,,,,,,,,,,,,,,,,,,,Available,Lower Guk live-side content group; undead side excluded,,,,Confirmed,Unconfirmed,,,,,,B24A-LGUK-LIVE,
30,B24A-LIVE-ENC-010,24A,Antonica,Lower Guk,Minotaur Patriarch route,,,,,,,,,,,,,,,,,,,,,,,,34,,,,,,Wandering named,,,,,,,,,,,,,,,,Zone subdivision-specific,Supplemental,Medium,https://eqlwiki.com/Category:Lower_Guk,https://wiki.project1999.com/Ruins_of_Old_Guk,,Yes,1,,,,,,,Current EQL Wiki-supported; direct-build confirmation varies,Add,,,,,,,,,,https://eqlwiki.com/Category:Lower_Guk,,2026-07-28,,,,Yes,Listed,Current Wiki evidence,No,C,Current EQL Lower Guk records with classic live-side comparison.,,,,,Current EQL Wiki,,EQL-LOOT-1.0,encounter_metadata,Metadata,,B24A-LIVE-ENC-010,,,No,No,Patriarch patrol or route; Azure Sleeves and Ebony Bladed Sword.,,,,,,,,,,,,,,,,,,,Open-world indoor dungeon,Minotaur maze,,,Patriarch route,,,,,,Minotaur Patriarch route,Named Encounter,,,,,,,,,,,Patriarch patrol or route; Azure Sleeves and Ebony Bladed Sword.,,,,,,,,,,,Open World,Open World,,,,,,,,,,,,,,,,,,,,,,,,,,,,,,,,,,,,,,,,,,,,,,,,,,,,,,,,,,,,,,,,,,,,No,,,,,,,,,,,,,,,,,,,,Available,Lower Guk live-side content group; undead side excluded,,,,Confirmed,Unconfirmed,,,,,,B24A-LGUK-LIVE,
31,B24A-LIVE-ENC-011,24A,Antonica,Lower Guk,Jail room,,,,,,,,,,,,,,,,,,,,,,,,35-42,,,,,,Placement confusion,,,,,,,,,,,,,,,,Zone subdivision-specific,Supplemental,Medium,https://eqlwiki.com/Category:Lower_Guk,https://wiki.project1999.com/Ruins_of_Old_Guk,,Yes,1,,,,,,,Current EQL Wiki-supported; direct-build confirmation varies,Add,,,,,,,,,,https://eqlwiki.com/Category:Lower_Guk,,2026-07-28,,,,Yes,Listed,Current Wiki evidence,No,C,Current EQL Lower Guk records with classic live-side comparison.,,,,,Current EQL Wiki,,EQL-LOOT-1.0,encounter_metadata,Metadata,,B24A-LIVE-ENC-011,,,No,No,Jail area distinct from Slaythe's actual passage.,,,,,,,,,,,,,,,,,,,Open-world indoor dungeon,Jail branch,,,Jail room,,,,,,Jail room,Camp Population,,,,,,,,,,,Jail area distinct from Slaythe's actual passage.,,,,,,,,,,,Open World,Open World,,,,,,,,,,,,,,,,,,,,,,,,,,,,,,,,,,,,,,,,,,,,,,,,,,,,,,,,,,,,,,,,,,,,No,,,,,,,,,,,,,,,,,,,,Available,Lower Guk live-side content group; undead side excluded,,,,Confirmed,Unconfirmed,,,,,,B24A-LGUK-LIVE,
32,B24A-LIVE-ENC-012,24A,Antonica,Lower Guk,Slaythe passage north of jail,,,,,,,,,,,,,,,,,,,,,,,,Unknown,,,,,,Quest implementation,,,,,,,,,,,,,,,,Zone subdivision-specific,Supplemental,Medium,https://eqlwiki.com/Category:Lower_Guk,https://wiki.project1999.com/Ruins_of_Old_Guk,,Yes,1,,,,,,,Current EQL Wiki-supported; direct-build confirmation varies,Add,,,,,,,,,,https://eqlwiki.com/Category:Lower_Guk,,2026-07-28,,,,Yes,Listed,Current Wiki evidence,No,C,Current EQL Lower Guk records with classic live-side comparison.,,,,,Current EQL Wiki,,EQL-LOOT-1.0,encounter_metadata,Metadata,,B24A-LIVE-ENC-012,,,No,No,Slaythe placement and Broken Bow Part B relationship unresolved.,,,,,,,,,,,,,,,,,,,Open-world indoor dungeon,Jail branch,,,Passage north of jail,,,,,,Slaythe passage north of jail,Quest Named,,,,,,,,,,,Slaythe placement and Broken Bow Part B relationship unresolved.,,,,,,,,,,,Open World,Open World,,,,,,,,,,,,,,,,,,,,,,,,,,,,,,,,,,,,,,,,,,,,,,,,,,,,,,,,,,,,,,,,,,,,No,,,,,,,,,,,,,,,,,,,,Available,Lower Guk live-side content group; undead side excluded,,,,Confirmed,Unconfirmed,,,,,,B24A-LGUK-LIVE,
33,B24A-LIVE-ENC-013,24A,Antonica,Lower Guk,Evil Eye ledge,,,,,,,,,,,,,,,,,,,,,,,,34-36,,,,,,Gate and visibility,,,,,,,,,,,,,,,,Zone subdivision-specific,Supplemental,Medium,https://eqlwiki.com/Category:Lower_Guk,https://wiki.project1999.com/Ruins_of_Old_Guk,,Yes,1,,,,,,,Current EQL Wiki-supported; direct-build confirmation varies,Add,,,,,,,,,,https://eqlwiki.com/Category:Lower_Guk,,2026-07-28,,,,Yes,Listed,Current Wiki evidence,No,C,Current EQL Lower Guk records with classic live-side comparison.,,,,,Current EQL Wiki,,EQL-LOOT-1.0,encounter_metadata,Metadata,,B24A-LIVE-ENC-013,,,No,No,"Urd Shaman placeholder, Gate, See Invisible, See Hide, 28-minute cycle.",,,,,,,,,,,,,,,,,,,Open-world indoor dungeon,Evil Eye branch,,,Evil Eye ledge,,,,,,Evil Eye ledge,Named Encounter,,,,,,,,,,,"Urd Shaman placeholder, Gate, See Invisible, See Hide, 28-minute cycle.",,,,,,,,,,,Open World,Open World,,,,,,,,,,,,,,,,,,,,,,,,,,,,,,,,,,,,,,,,,,,,,,,,,,,,,,,,,,,,,,,,,,,,No,,,,,,,,,,,,,,,,,,,,Available,Lower Guk live-side content group; undead side excluded,,,,Confirmed,Unconfirmed,,,,,,B24A-LGUK-LIVE,
34,B24A-LIVE-ENC-014,24A,Antonica,Lower Guk,Froglok Noble room,,,,,,,,,,,,,,,,,,,,,,,,37+,,,,,,Incomplete loot fields,,,,,,,,,,,,,,,,Zone subdivision-specific,Supplemental,Medium,https://eqlwiki.com/Category:Lower_Guk,https://wiki.project1999.com/Ruins_of_Old_Guk,,Yes,1,,,,,,,Current EQL Wiki-supported; direct-build confirmation varies,Add,,,,,,,,,,https://eqlwiki.com/Category:Lower_Guk,,2026-07-28,,,,Yes,Listed,Current Wiki evidence,No,C,Current EQL Lower Guk records with classic live-side comparison.,,,,,Current EQL Wiki,,EQL-LOOT-1.0,encounter_metadata,Metadata,,B24A-LIVE-ENC-014,,,No,No,Gateway to harder live side; White Gold Necklace and Gilded Cloth remain incomplete.,,,,,,,,,,,,,,,,,,,Open-world indoor dungeon,Deep live side,,,Noble room,,,,,,Froglok Noble room,Named Encounter,,,,,,,,,,,Gateway to harder live side; White Gold Necklace and Gilded Cloth remain incomplete.,,,,,,,,,,,Open World,Open World,,,,,,,,,,,,,,,,,,,,,,,,,,,,,,,,,,,,,,,,,,,,,,,,,,,,,,,,,,,,,,,,,,,,No,,,,,,,,,,,,,,,,,,,,Available,Lower Guk live-side content group; undead side excluded,,,,Confirmed,Unconfirmed,,,,,,B24A-LGUK-LIVE,
35,B24A-LIVE-ENC-015,24A,Antonica,Lower Guk,Live Keep roof and bridge,,,,,,,,,,,,,,,,,,,,,,,,35-42,,,,,,Floor-specific pulls,,,,,,,,,,,,,,,,Zone subdivision-specific,Supplemental,Medium,https://eqlwiki.com/Category:Lower_Guk,https://wiki.project1999.com/Ruins_of_Old_Guk,,Yes,1,,,,,,,Current EQL Wiki-supported; direct-build confirmation varies,Add,,,,,,,,,,https://eqlwiki.com/Category:Lower_Guk,,2026-07-28,,,,Yes,Listed,Current Wiki evidence,No,C,Current EQL Lower Guk records with classic live-side comparison.,,,,,Current EQL Wiki,,EQL-LOOT-1.0,encounter_metadata,Metadata,,B24A-LIVE-ENC-015,,,No,No,Vis and Wan populations and route into multi-floor keep.,,,,,,,,,,,,,,,,,,,Open-world indoor dungeon,Live Keep,,,Roof and bridge,,,,,,Live Keep roof and bridge,Camp Population,,,,,,,,,,,Vis and Wan populations and route into multi-floor keep.,,,,,,,,,,,Open World,Open World,,,,,,,,,,,,,,,,,,,,,,,,,,,,,,,,,,,,,,,,,,,,,,,,,,,,,,,,,,,,,,,,,,,,No,,,,,,,,,,,,,,,,,,,,Available,Lower Guk live-side content group; undead side excluded,,,,Confirmed,Unconfirmed,,,,,,B24A-LGUK-LIVE,
36,B24A-LIVE-ENC-016,24A,Antonica,Lower Guk,Yun Priest middle floor,,,,,,,,,,,,,,,,,,,,,,,,38,,,,,,Cleric healing,,,,,,,,,,,,,,,,Zone subdivision-specific,Supplemental,Medium,https://eqlwiki.com/Category:Lower_Guk,https://wiki.project1999.com/Ruins_of_Old_Guk,,Yes,1,,,,,,,Current EQL Wiki-supported; direct-build confirmation varies,Add,,,,,,,,,,https://eqlwiki.com/Category:Lower_Guk,,2026-07-28,,,,Yes,Listed,Current Wiki evidence,No,C,Current EQL Lower Guk records with classic live-side comparison.,,,,,Current EQL Wiki,,EQL-LOOT-1.0,encounter_metadata,Metadata,,B24A-LIVE-ENC-016,,,No,No,Silver-Plated Leggings and Amethyst Bracelet.,,,,,,,,,,,,,,,,,,,Open-world indoor dungeon,Live Keep,,,Middle floor,,,,,,Yun Priest middle floor,Named Encounter,,,,,,,,,,,Silver-Plated Leggings and Amethyst Bracelet.,,,,,,,,,,,Open World,Open World,,,,,,,,,,,,,,,,,,,,,,,,,,,,,,,,,,,,,,,,,,,,,,,,,,,,,,,,,,,,,,,,,,,,No,,,,,,,,,,,,,,,,,,,,Available,Lower Guk live-side content group; undead side excluded,,,,Confirmed,Unconfirmed,,,,,,B24A-LGUK-LIVE,
37,B24A-LIVE-ENC-017,24A,Antonica,Lower Guk,Crusader lower floor,,,,,,,,,,,,,,,,,,,,,,,,40+,,,,,,Paladin durability,,,,,,,,,,,,,,,,Zone subdivision-specific,Supplemental,Medium,https://eqlwiki.com/Category:Lower_Guk,https://wiki.project1999.com/Ruins_of_Old_Guk,,Yes,1,,,,,,,Current EQL Wiki-supported; direct-build confirmation varies,Add,,,,,,,,,,https://eqlwiki.com/Category:Lower_Guk,,2026-07-28,,,,Yes,Listed,Current Wiki evidence,No,C,Current EQL Lower Guk records with classic live-side comparison.,,,,,Current EQL Wiki,,EQL-LOOT-1.0,encounter_metadata,Metadata,,B24A-LIVE-ENC-017,,,No,No,Mithril-Runed Tunic active; Runed Falchion incomplete.,,,,,,,,,,,,,,,,,,,Open-world indoor dungeon,Live Keep,,,Lower floor,,,,,,Crusader lower floor,Named Encounter,,,,,,,,,,,Mithril-Runed Tunic active; Runed Falchion incomplete.,,,,,,,,,,,Open World,Open World,,,,,,,,,,,,,,,,,,,,,,,,,,,,,,,,,,,,,,,,,,,,,,,,,,,,,,,,,,,,,,,,,,,,No,,,,,,,,,,,,,,,,,,,,Available,Lower Guk live-side content group; undead side excluded,,,,Confirmed,Unconfirmed,,,,,,B24A-LGUK-LIVE,
38,B24A-LIVE-ENC-018,24A,Antonica,Lower Guk,Huge Water Elemental route,,,,,,,,,,,,,,,,,,,,,,,,40-46,,,,,,Faction exception,,,,,,,,,,,,,,,,Zone subdivision-specific,Supplemental,Medium,https://eqlwiki.com/Category:Lower_Guk,https://wiki.project1999.com/Ruins_of_Old_Guk,,Yes,1,,,,,,,Current EQL Wiki-supported; direct-build confirmation varies,Add,,,,,,,,,,https://eqlwiki.com/Category:Lower_Guk,,2026-07-28,,,,Yes,Listed,Current Wiki evidence,No,C,Current EQL Lower Guk records with classic live-side comparison.,,,,,Current EQL Wiki,,EQL-LOOT-1.0,encounter_metadata,Metadata,,B24A-LIVE-ENC-018,,,No,No,"Aggressive, sees invisibility, and historically lacks signature loot.",,,,,,,,,,,,,,,,,,,Open-world indoor dungeon,King approach,,,Water Elemental room,,,,,,Huge Water Elemental route,Access-Control Encounter,,,,,,,,,,,"Aggressive, sees invisibility, and historically lacks signature loot.",,,,,,,,,,,Open World,Open World,,,,,,,,,,,,,,,,,,,,,,,,,,,,,,,,,,,,,,,,,,,,,,,,,,,,,,,,,,,,,,,,,,,,No,,,,,,,,,,,,,,,,,,,,Available,Lower Guk live-side content group; undead side excluded,,,,Confirmed,Unconfirmed,,,,,,B24A-LGUK-LIVE,
39,B24A-LIVE-ENC-019,24A,Antonica,Lower Guk,King Prep and Herbalist rooms,,,,,,,,,,,,,,,,,,,,,,,,42-47,,,,,,High-rank social aggro,,,,,,,,,,,,,,,,Zone subdivision-specific,Supplemental,Medium,https://eqlwiki.com/Category:Lower_Guk,https://wiki.project1999.com/Ruins_of_Old_Guk,,Yes,1,,,,,,,Current EQL Wiki-supported; direct-build confirmation varies,Add,,,,,,,,,,https://eqlwiki.com/Category:Lower_Guk,,2026-07-28,,,,Yes,Listed,Current Wiki evidence,No,C,Current EQL Lower Guk records with classic live-side comparison.,,,,,Current EQL Wiki,,EQL-LOOT-1.0,encounter_metadata,Metadata,,B24A-LIVE-ENC-019,,,No,No,"Bok/Kor frogs, gargoyle, Herbalist, and unresolved caster items.",,,,,,,,,,,,,,,,,,,Open-world indoor dungeon,King approach,,,Prep / Herbalist,,,,,,King Prep and Herbalist rooms,Camp Hub,,,,,,,,,,,"Bok/Kor frogs, gargoyle, Herbalist, and unresolved caster items.",,,,,,,,,,,Open World,Open World,,,,,,,,,,,,,,,,,,,,,,,,,,,,,,,,,,,,,,,,,,,,,,,,,,,,,,,,,,,,,,,,,,,,No,,,,,,,,,,,,,,,,,,,,Available,Lower Guk live-side content group; undead side excluded,,,,Confirmed,Unconfirmed,,,,,,B24A-LGUK-LIVE,
40,B24A-LIVE-ENC-020,24A,Antonica,Lower Guk,Froglok King and Tactician room,,,,,,,,,,,,,,,,,,,,,,,,44-49,,,,,,Capstone multi-add fight,,,,,,,,,,,,,,,,Zone subdivision-specific,Supplemental,Medium,https://eqlwiki.com/Category:Lower_Guk,https://wiki.project1999.com/Ruins_of_Old_Guk,,Yes,1,,,,,,,Current EQL Wiki-supported; direct-build confirmation varies,Add,,,,,,,,,,https://eqlwiki.com/Category:Lower_Guk,,2026-07-28,,,,Yes,Listed,Current Wiki evidence,No,C,Current EQL Lower Guk records with classic live-side comparison.,,,,,Current EQL Wiki,,EQL-LOOT-1.0,encounter_metadata,Metadata,,B24A-LIVE-ENC-020,,,No,No,"King, guards, Tactician candidate, one-way escape, healing and Lay on Hands.",,,,,,,,,,,,,,,,,,,Open-world indoor dungeon,King wing,,,King room,,,,,,Froglok King and Tactician room,Capstone Encounter,,,,,,,,,,,"King, guards, Tactician candidate, one-way escape, healing and Lay on Hands.",,,,,,,,,,,Open World,Open World,,,,,,,,,,,,,,,,,,,,,,,,,,,,,,,,,,,,,,,,,,,,,,,,,,,,,,,,,,,,,,,,,,,,No,,,,,,,,,,,,,,,,,,,,Available,Lower Guk live-side content group; undead side excluded,,,,Confirmed,Unconfirmed,,,,,,B24A-LGUK-LIVE,
41,B24A-LIVE-LOOTMETA-001,24A,Antonica,Lower Guk,Mesh armor family,,,,,,,,,,,,,,,,,,,,,,,,,,,,,,,,,,,,,,,,,,,,,,Zone subdivision-specific,Supplemental,Medium,https://eqlwiki.com/Category:Lower_Guk,https://wiki.project1999.com/Ruins_of_Old_Guk,,Yes,1,,,,,,,Current EQL Wiki-supported; direct-build confirmation varies,Add,,,,,,,,,,https://eqlwiki.com/Category:Lower_Guk,,2026-07-28,,,,Yes,Listed,Current Wiki evidence,No,C,Current EQL Lower Guk records with classic live-side comparison.,,,,,Current EQL Wiki,,EQL-LOOT-1.0,metadata,Metadata,,B24A-LIVE-LOOTMETA-001,,,No,No,Broad Upper/Lower Guk shared family; no duplicate named-source rows unless current source narrowing becomes useful.,,,,,,,,,,,,,,,,,,,Open-world indoor dungeon,,,,,,,,,,Mesh armor family,,,,,,,,,,,,Broad Upper/Lower Guk shared family; no duplicate named-source rows unless current source narrowing becomes useful.,,,,,,,,,,,Open World,Open World,,,,,,,,,,,,,,,,,,,,,,,,,,,,,,,,,,,,,,,,,,,,,,,,,,,,,,,,,,,,,,,,,,,,No,,,,,,,,,,,,,,,,,,,,Available,Lower Guk live-side content group; undead side excluded,,,,Confirmed,Unconfirmed,,,,loot-family;mesh,,B24A-LGUK-LIVE,
42,B24A-LIVE-LOOTMETA-002,24A,Antonica,Lower Guk,Generic live-froglok components,,,,,,,,,,,,,,,,,,,,,,,,,,,,,,,,,,,,,,,,,,,,,,Zone subdivision-specific,Supplemental,Medium,https://eqlwiki.com/Category:Lower_Guk,https://wiki.project1999.com/Ruins_of_Old_Guk,,Yes,1,,,,,,,Current EQL Wiki-supported; direct-build confirmation varies,Add,,,,,,,,,,https://eqlwiki.com/Category:Lower_Guk,,2026-07-28,,,,Yes,Listed,Current Wiki evidence,No,C,Current EQL Lower Guk records with classic live-side comparison.,,,,,Current EQL Wiki,,EQL-LOOT-1.0,metadata,Metadata,,B24A-LIVE-LOOTMETA-002,,,No,No,"Froglok Meat, Blood, Eyes, glands, skins, and other ordinary materials remain metadata.",,,,,,,,,,,,,,,,,,,Open-world indoor dungeon,,,,,,,,,,Generic live-froglok components,,,,,,,,,,,,"Froglok Meat, Blood, Eyes, glands, skins, and other ordinary materials remain metadata.",,,,,,,,,,,Open World,Open World,,,,,,,,,,,,,,,,,,,,,,,,,,,,,,,,,,,,,,,,,,,,,,,,,,,,,,,,,,,,,,,,,,,,No,,,,,,,,,,,,,,,,,,,,Available,Lower Guk live-side content group; undead side excluded,,,,Confirmed,Unconfirmed,,,,global-loot;excluded,,B24A-LGUK-LIVE,
43,B24A-LIVE-LOOTMETA-003,24A,Antonica,Lower Guk,"Generic gems, words, and runes",,,,,,,,,,,,,,,,,,,,,,,,,,,,,,,,,,,,,,,,,,,,,,Zone subdivision-specific,Supplemental,Medium,https://eqlwiki.com/Category:Lower_Guk,https://wiki.project1999.com/Ruins_of_Old_Guk,,Yes,1,,,,,,,Current EQL Wiki-supported; direct-build confirmation varies,Add,,,,,,,,,,https://eqlwiki.com/Category:Lower_Guk,,2026-07-28,,,,Yes,Listed,Current Wiki evidence,No,C,Current EQL Lower Guk records with classic live-side comparison.,,,,,Current EQL Wiki,,EQL-LOOT-1.0,metadata,Metadata,,B24A-LIVE-LOOTMETA-003,,,No,No,Common research items and gems remain broad population metadata.,,,,,,,,,,,,,,,,,,,Open-world indoor dungeon,,,,,,,,,,"Generic gems, words, and runes",,,,,,,,,,,,Common research items and gems remain broad population metadata.,,,,,,,,,,,Open World,Open World,,,,,,,,,,,,,,,,,,,,,,,,,,,,,,,,,,,,,,,,,,,,,,,,,,,,,,,,,,,,,,,,,,,,No,,,,,,,,,,,,,,,,,,,,Available,Lower Guk live-side content group; undead side excluded,,,,Confirmed,Unconfirmed,,,,global-loot;excluded,,B24A-LGUK-LIVE,
44,B24A-LIVE-LOOTMETA-004,24A,Antonica,Lower Guk,Minotaur common-weapon family,,,,,,,,,,,,,,,,,,,,,,,,,,,,,,,,,,,,,,,,,,,,,,Zone subdivision-specific,Supplemental,Medium,https://eqlwiki.com/Category:Lower_Guk,https://wiki.project1999.com/Ruins_of_Old_Guk,,Yes,1,,,,,,,Current EQL Wiki-supported; direct-build confirmation varies,Add,,,,,,,,,,https://eqlwiki.com/Category:Lower_Guk,,2026-07-28,,,,Yes,Listed,Current Wiki evidence,No,C,Current EQL Lower Guk records with classic live-side comparison.,,,,,Current EQL Wiki,,EQL-LOOT-1.0,metadata,Metadata,,B24A-LIVE-LOOTMETA-004,,,No,No,Minotaur Battle Axe and other broad minotaur weapons are not named-exclusive.,,,,,,,,,,,,,,,,,,,Open-world indoor dungeon,,,,,,,,,,Minotaur common-weapon family,,,,,,,,,,,,Minotaur Battle Axe and other broad minotaur weapons are not named-exclusive.,,,,,,,,,,,Open World,Open World,,,,,,,,,,,,,,,,,,,,,,,,,,,,,,,,,,,,,,,,,,,,,,,,,,,,,,,,,,,,,,,,,,,,No,,,,,,,,,,,,,,,,,,,,Available,Lower Guk live-side content group; undead side excluded,,,,Confirmed,Unconfirmed,,,,loot-family;minotaur,,B24A-LGUK-LIVE,
45,B24A-LIVE-LOOTMETA-005,24A,Antonica,Lower Guk,Evil Eye component family,,,,,,,,,,,,,,,,,,,,,,,,,,,,,,,,,,,,,,,,,,,,,,Zone subdivision-specific,Supplemental,Medium,https://eqlwiki.com/Category:Lower_Guk,https://wiki.project1999.com/Ruins_of_Old_Guk,,Yes,1,,,,,,,Current EQL Wiki-supported; direct-build confirmation varies,Add,,,,,,,,,,https://eqlwiki.com/Category:Lower_Guk,,2026-07-28,,,,Yes,Listed,Current Wiki evidence,No,C,Current EQL Lower Guk records with classic live-side comparison.,,,,,Current EQL Wiki,,EQL-LOOT-1.0,metadata,Metadata,,B24A-LIVE-LOOTMETA-005,,,No,No,"Bag, eyestalks, and optic nerves are active exact-source items; Manastone is a removed former drop.",,,,,,,,,,,,,,,,,,,Open-world indoor dungeon,,,,,,,,,,Evil Eye component family,,,,,,,,,,,,"Bag, eyestalks, and optic nerves are active exact-source items; Manastone is a removed former drop.",,,,,,,,,,,Open World,Open World,,,,,,,,,,,,,,,,,,,,,,,,,,,,,,,,,,,,,,,,,,,,,,,,,,,,,,,,,,,,,,,,,,,,No,,,,,,,,,,,,,,,,,,,,Available,Lower Guk live-side content group; undead side excluded,,,,Confirmed,Unconfirmed,,,,loot-family;evil-eye,,B24A-LGUK-LIVE,
46,B24A-LIVE-LOOTMETA-006,24A,Antonica,Lower Guk,Live Keep floor-specific tables,,,,,,,,,,,,,,,,,,,,,,,,,,,,,,,,,,,,,,,,,,,,,,Zone subdivision-specific,Supplemental,Medium,https://eqlwiki.com/Category:Lower_Guk,https://wiki.project1999.com/Ruins_of_Old_Guk,,Yes,1,,,,,,,Current EQL Wiki-supported; direct-build confirmation varies,Add,,,,,,,,,,https://eqlwiki.com/Category:Lower_Guk,,2026-07-28,,,,Yes,Listed,Current Wiki evidence,No,C,Current EQL Lower Guk records with classic live-side comparison.,,,,,Current EQL Wiki,,EQL-LOOT-1.0,metadata,Metadata,,B24A-LIVE-LOOTMETA-006,,,No,No,"Roof, middle, and lower-floor populations must not be collapsed into a generic Live Keep source.",,,,,,,,,,,,,,,,,,,Open-world indoor dungeon,,,,,,,,,,Live Keep floor-specific tables,,,,,,,,,,,,"Roof, middle, and lower-floor populations must not be collapsed into a generic Live Keep source.",,,,,,,,,,,Open World,Open World,,,,,,,,,,,,,,,,,,,,,,,,,,,,,,,,,,,,,,,,,,,,,,,,,,,,,,,,,,,,,,,,,,,,No,,,,,,,,,,,,,,,,,,,,Available,Lower Guk live-side content group; undead side excluded,,,,Confirmed,Unconfirmed,,,,loot-family;live-keep,,B24A-LGUK-LIVE,
47,B24A-LIVE-LOOTMETA-007,24A,Antonica,Lower Guk,Quest-era additions and dependencies,,,,,,,,,,,,,,,,,,,,,,,,,,,,,,,,,,,,,,,,,,,,,,Zone subdivision-specific,Supplemental,Medium,https://eqlwiki.com/Category:Lower_Guk,https://wiki.project1999.com/Ruins_of_Old_Guk,,Yes,1,,,,,,,Current EQL Wiki-supported; direct-build confirmation varies,Add,,,,,,,,,,https://eqlwiki.com/Category:Lower_Guk,,2026-07-28,,,,Yes,Listed,Current Wiki evidence,No,C,Current EQL Lower Guk records with classic live-side comparison.,,,,,Current EQL Wiki,,EQL-LOOT-1.0,metadata,Metadata,,B24A-LIVE-LOOTMETA-007,,,No,No,"Raster/The Idol, Slaythe, Rogue Epic use, and other quests require separate availability fields.",,,,,,,,,,,,,,,,,,,Open-world indoor dungeon,,,,,,,,,,Quest-era additions and dependencies,,,,,,,,,,,,"Raster/The Idol, Slaythe, Rogue Epic use, and other quests require separate availability fields.",,,,,,,,,,,Open World,Open World,,,,,,,,,,,,,,,,,,,,,,,,,,,,,,,,,,,,,,,,,,,,,,,,,,,,,,,,,,,,,,,,,,,,No,,,,,,,,,,,,,,,,,,,,Available,Lower Guk live-side content group; undead side excluded,,,,Confirmed,Unconfirmed,,,,historical-content;quest-era,,B24A-LGUK-LIVE,
48,B24A-LIVE-LOOTMETA-008,24A,Antonica,Lower Guk,Manastone former-drop exclusion,,,,,,,,,,,,,,,,,,,,,,,,,,,,,,,,,,Current drop status removed; not active loot.,,,,,,,,,,,,Zone subdivision-specific,Supplemental,Medium,https://eqlwiki.com/Category:Lower_Guk,https://wiki.project1999.com/Ruins_of_Old_Guk,,Yes,1,,,,,,,Current EQL Wiki-supported; direct-build confirmation varies,Add,,,,,,,,,Historical former drop,https://eqlwiki.com/Category:Lower_Guk,,2026-07-28,,,,Yes,Listed,Current Wiki evidence,No,C,Current EQL Lower Guk records with classic live-side comparison.,,,,,Current EQL Wiki,,EQL-LOOT-1.0,metadata,Metadata,,B24A-LIVE-LOOTMETA-008,,,No,No,Historical Evil Eye relationship preserved as metadata; current drop status removed. Historical source: An Evil Eye.,,,,,,,,,,,,,,,,,,,Open-world indoor dungeon,,,,,,,,,,Manastone former-drop exclusion,,,,,,,,,,,,Historical Evil Eye relationship preserved as metadata; current drop status removed.,,,,,,,,,,,Open World,Open World,,,,,,,,,,,,,,,,,,,,,,,,,,,,,,,,,,,,,,,,,,,,,,,,,,,,,,,,,,,,,,,,,,,,No,,,,,,,,,,,,,,,,,,,,Available,Lower Guk live-side content group; undead side excluded,,,,Confirmed,Unconfirmed,,,,historical-content;removed-drop,,B24A-LGUK-LIVE,
49,B24A-LIVE-LOOTMETA-009,24A,Antonica,Lower Guk,Undead-side source exclusion,,,,,,,,,,,,,,,,,,,,,,,,,,,,,,,,,,,,,,,,,,,,,,Zone subdivision-specific,Supplemental,Medium,https://eqlwiki.com/Category:Lower_Guk,https://wiki.project1999.com/Ruins_of_Old_Guk,,Yes,1,,,,,,,Current EQL Wiki-supported; direct-build confirmation varies,Add,,,,,,,,,,https://eqlwiki.com/Category:Lower_Guk,,2026-07-28,,,,Yes,Listed,Current Wiki evidence,No,C,Current EQL Lower Guk records with classic live-side comparison.,,,,,Current EQL Wiki,,EQL-LOOT-1.0,metadata,Metadata,,B24A-LIVE-LOOTMETA-009,,,No,No,"Undead camps, ghoul items, and dead-side placeholders are reserved for Batch 24B.",,,,,,,,,,,,,,,,,,,Open-world indoor dungeon,,,,,,,,,,Undead-side source exclusion,,,,,,,,,,,,"Undead camps, ghoul items, and dead-side placeholders are reserved for Batch 24B.",,,,,,,,,,,Open World,Open World,,,,,,,,,,,,,,,,,,,,,,,,,,,,,,,,,,,,,,,,,,,,,,,,,,,,,,,,,,,,,,,,,,,,No,,,,,,,,,,,,,,,,,,,,Available,Lower Guk live-side content group; undead side excluded,,,,Confirmed,Unconfirmed,,,,batch-boundary;excluded,,B24A-LGUK-LIVE,
50,B24A-LIVE-RES-001,24A,Antonica,Lower Guk,Complete current live-side NPC census,,,,,,,,,,,,,,,,,,,,,,,,,,,,,,,,,,,,,,,,,,,,,,Zone subdivision-specific,Supplemental,Low,https://eqlwiki.com/Category:Lower_Guk,https://wiki.project1999.com/Ruins_of_Old_Guk,"Verify every active live-side NPC, named encounter, level, and removed legacy record.",Yes,1,,,,,,,Unresolved; direct-build or stronger current evidence required,Quarantine,,,,,,,,,,https://eqlwiki.com/Category:Lower_Guk,,2026-07-28,,,,Yes,Partial / conflicting,Unverified lead,No,D,Meaningful current or historical lead without enough support for active promotion.,Incomplete census,,,,Unverified current Wiki / inherited classic evidence,,EQL-LOOT-1.0,research,Quarantined,,B24A-LIVE-RES-001,,,No,Yes,Quarantined research record; hidden from default loot results.,,,,,,,,,,,,,,,,,,,Open-world indoor dungeon,,,,,,,,,,,,,,,,,,,,,,,,,,,,,,,,,Open World,Open World,,,,,,,,,,,,,,,,,,,,,,,,,,,,,,,,,,,,,,,,,,,,,,,,,,,,,,,,,,,,,,,,,,,,No,,,,,,,,,,,,,,,,,,,,Available,Lower Guk live-side content group; undead side excluded,,,,Confirmed,Unconfirmed,,,,,,B24A-LGUK-LIVE,
51,B24A-LIVE-RES-002,24A,Antonica,Lower Guk,Ordinary live-side respawn timer,,,,,,,,,,,,,,,,,,,,,,,,,,,,,,,,,,,,,,,,,,,,,,Zone subdivision-specific,Supplemental,Low,https://eqlwiki.com/Category:Lower_Guk,https://wiki.project1999.com/Ruins_of_Old_Guk,Determine the current ordinary population timer.,Yes,1,,,,,,,Unresolved; direct-build or stronger current evidence required,Quarantine,,,,,,,,,,https://eqlwiki.com/Category:Lower_Guk,,2026-07-28,,,,Yes,Partial / conflicting,Unverified lead,No,D,Meaningful current or historical lead without enough support for active promotion.,Timer unresolved,,,,Unverified current Wiki / inherited classic evidence,,EQL-LOOT-1.0,research,Quarantined,,B24A-LIVE-RES-002,,,No,Yes,Quarantined research record; hidden from default loot results.,,,,,,,,,,,,,,,,,,,Open-world indoor dungeon,,,,,,,,,,,,,,,,,,,,,,,,,,,,,,,,,Open World,Open World,,,,,,,,,,,,,,,,,,,,,,,,,,,,,,,,,,,,,,,,,,,,,,,,,,,,,,,,,,,,,,,,,,,,No,,,,,,,,,,,,,,,,,,,,Available,Lower Guk live-side content group; undead side excluded,,,,Confirmed,Unconfirmed,,,,,,B24A-LGUK-LIVE,
52,B24A-LIVE-RES-003,24A,Antonica,Lower Guk,Universal 28-minute named cycle,,,,,,,,,,,,,,,,,,,,,,,,,,,,,,,,,,,,,,,,,,,,,,Zone subdivision-specific,Supplemental,Low,https://eqlwiki.com/Category:Lower_Guk,https://wiki.project1999.com/Ruins_of_Old_Guk,Determine whether approximately 28 minutes applies to all named live-side encounters.,Yes,1,,,,,,,Unresolved; direct-build or stronger current evidence required,Quarantine,,,,,,,,,,https://eqlwiki.com/Category:Lower_Guk,,2026-07-28,,,,Yes,Partial / conflicting,Unverified lead,No,D,Meaningful current or historical lead without enough support for active promotion.,Timer unresolved,,,,Unverified current Wiki / inherited classic evidence,,EQL-LOOT-1.0,research,Quarantined,,B24A-LIVE-RES-003,,,No,Yes,Quarantined research record; hidden from default loot results.,,,,,,,,,,,,,,,,,,,Open-world indoor dungeon,,,,,,,,,,,,,,,,,,,,,,,,,,,,,,,,,Open World,Open World,,,,,,,,,,,,,,,,,,,,,,,,,,,,,,,,,,,,,,,,,,,,,,,,,,,,,,,,,,,,,,,,,,,,No,,,,,,,,,,,,,,,,,,,,Available,Lower Guk live-side content group; undead side excluded,,,,Confirmed,Unconfirmed,,,,,,B24A-LGUK-LIVE,
53,B24A-LIVE-RES-004,24A,Antonica,Lower Guk,Minotaur Elder current timer,,,,,,,,,,,,,,,,,,,,,,,,,,,,,,,,,,,,,,,,,,,,,,Zone subdivision-specific,Supplemental,Low,https://eqlwiki.com/Category:Lower_Guk,https://wiki.project1999.com/Ruins_of_Old_Guk,Verify the current Elder respawn timer.,Yes,1,,,,,,,Unresolved; direct-build or stronger current evidence required,Quarantine,,,,,,,,,,https://eqlwiki.com/Category:Lower_Guk,,2026-07-28,,,,Yes,Partial / conflicting,Unverified lead,No,D,Meaningful current or historical lead without enough support for active promotion.,Timer unresolved,,,,Unverified current Wiki / inherited classic evidence,,EQL-LOOT-1.0,research,Quarantined,,B24A-LIVE-RES-004,,,No,Yes,Quarantined research record; hidden from default loot results.,,,,,,,,,,,,,,,,,,,Open-world indoor dungeon,,,,,,,,,,,,,,,,,,,,,,,,,,,,,,,,,Open World,Open World,,,,,,,,,,,,,,,,,,,,,,,,,,,,,,,,,,,,,,,,,,,,,,,,,,,,,,,,,,,,,,,,,,,,No,,,,,,,,,,,,,,,,,,,,Available,Lower Guk live-side content group; undead side excluded,,,,Confirmed,Unconfirmed,,,,,,B24A-LGUK-LIVE,
54,B24A-LIVE-RES-005,24A,Antonica,Lower Guk,Minotaur Elder current probability,,,,,,,,,,,,,,,,,,,,,,,,,,,,,,,,,,,,,,,,,,,,,,Zone subdivision-specific,Supplemental,Low,https://eqlwiki.com/Category:Lower_Guk,https://wiki.project1999.com/Ruins_of_Old_Guk,Verify the current Elder spawn probability.,Yes,1,,,,,,,Unresolved; direct-build or stronger current evidence required,Quarantine,,,,,,,,,,https://eqlwiki.com/Category:Lower_Guk,,2026-07-28,,,,Yes,Partial / conflicting,Unverified lead,No,D,Meaningful current or historical lead without enough support for active promotion.,Probability unresolved,,,,Unverified current Wiki / inherited classic evidence,,EQL-LOOT-1.0,research,Quarantined,,B24A-LIVE-RES-005,,,No,Yes,Quarantined research record; hidden from default loot results.,,,,,,,,,,,,,,,,,,,Open-world indoor dungeon,,,,,,,,,,,,,,,,,,,,,,,,,,,,,,,,,Open World,Open World,,,,,,,,,,,,,,,,,,,,,,,,,,,,,,,,,,,,,,,,,,,,,,,,,,,,,,,,,,,,,,,,,,,,No,,,,,,,,,,,,,,,,,,,,Available,Lower Guk live-side content group; undead side excluded,,,,Confirmed,Unconfirmed,,,,,,B24A-LGUK-LIVE,
55,B24A-LIVE-RES-006,24A,Antonica,Lower Guk,Minotaur Elder current source confirmation,,,,,,,,,,,,,,,,,,,,,,,,,,,,,,,,,,,,,,,,,,,,,,Zone subdivision-specific,Supplemental,Low,https://eqlwiki.com/Category:Lower_Guk,https://wiki.project1999.com/Ruins_of_Old_Guk,Retrieve dedicated current source pages for both Elder signature items.,Yes,1,,,,,,,Unresolved; direct-build or stronger current evidence required,Quarantine,,,,,,,,,,https://eqlwiki.com/Category:Lower_Guk,,2026-07-28,,,,Yes,Partial / conflicting,Unverified lead,No,D,Meaningful current or historical lead without enough support for active promotion.,Source-strength gap,,,,Unverified current Wiki / inherited classic evidence,,EQL-LOOT-1.0,research,Quarantined,,B24A-LIVE-RES-006,,,No,Yes,Quarantined research record; hidden from default loot results.,,,,,,,,,,,,,,,,,,,Open-world indoor dungeon,,,,,,,,,,,,,,,,,,,,,,,,,,,,,,,,,Open World,Open World,,,,,,,,,,,,,,,,,,,,,,,,,,,,,,,,,,,,,,,,,,,,,,,,,,,,,,,,,,,,,,,,,,,,No,,,,,,,,,,,,,,,,,,,,Available,Lower Guk live-side content group; undead side excluded,,,,Confirmed,Unconfirmed,,,,,,B24A-LGUK-LIVE,
56,B24A-LIVE-RES-007,24A,Antonica,Lower Guk,Raster current implementation,,,,,,,,,,,,,,,,,,,,,,,,,,,,,,,,,,,,,,,,,,,,,,Zone subdivision-specific,Supplemental,Low,https://eqlwiki.com/Category:Lower_Guk,https://wiki.project1999.com/Ruins_of_Old_Guk,Verify whether Raster currently spawns in EQL.,Yes,1,,,,,,,Unresolved; direct-build or stronger current evidence required,Quarantine,,,,,,,,,,https://eqlwiki.com/Category:Lower_Guk,,2026-07-28,,,,Yes,Partial / conflicting,Unverified lead,No,D,Meaningful current or historical lead without enough support for active promotion.,Implementation unresolved,,,,Unverified current Wiki / inherited classic evidence,,EQL-LOOT-1.0,research,Quarantined,,B24A-LIVE-RES-007,,,No,Yes,Quarantined research record; hidden from default loot results.,,,,,,,,,,,,,,,,,,,Open-world indoor dungeon,,,,,,,,,,,,,,,,,,,,,,,,,,,,,,,,,Open World,Open World,,,,,,,,,,,,,,,,,,,,,,,,,,,,,,,,,,,,,,,,,,,,,,,,,,,,,,,,,,,,,,,,,,,,No,,,,,,,,,,,,,,,,,,,,Available,Lower Guk live-side content group; undead side excluded,,,,Confirmed,Unconfirmed,,,,,,B24A-LGUK-LIVE,
57,B24A-LIVE-RES-008,24A,Antonica,Lower Guk,Raster placeholder,,,,,,,,,,,,,,,,,,,,,,,,,,,,,,,,,,,,,,,,,,,,,,Zone subdivision-specific,Supplemental,Low,https://eqlwiki.com/Category:Lower_Guk,https://wiki.project1999.com/Ruins_of_Old_Guk,Identify the current placeholder or rare-spawn logic.,Yes,1,,,,,,,Unresolved; direct-build or stronger current evidence required,Quarantine,,,,,,,,,,https://eqlwiki.com/Category:Lower_Guk,,2026-07-28,,,,Yes,Partial / conflicting,Unverified lead,No,D,Meaningful current or historical lead without enough support for active promotion.,Spawn unresolved,,,,Unverified current Wiki / inherited classic evidence,,EQL-LOOT-1.0,research,Quarantined,,B24A-LIVE-RES-008,,,No,Yes,Quarantined research record; hidden from default loot results.,,,,,,,,,,,,,,,,,,,Open-world indoor dungeon,,,,,,,,,,,,,,,,,,,,,,,,,,,,,,,,,Open World,Open World,,,,,,,,,,,,,,,,,,,,,,,,,,,,,,,,,,,,,,,,,,,,,,,,,,,,,,,,,,,,,,,,,,,,No,,,,,,,,,,,,,,,,,,,,Available,Lower Guk live-side content group; undead side excluded,,,,Confirmed,Unconfirmed,,,,,,B24A-LGUK-LIVE,
58,B24A-LIVE-RES-009,24A,Antonica,Lower Guk,Raster probability,,,,,,,,,,,,,,,,,,,,,,,,,,,,,,,,,,,,,,,,,,,,,,Zone subdivision-specific,Supplemental,Low,https://eqlwiki.com/Category:Lower_Guk,https://wiki.project1999.com/Ruins_of_Old_Guk,Measure or document current rarity.,Yes,1,,,,,,,Unresolved; direct-build or stronger current evidence required,Quarantine,,,,,,,,,,https://eqlwiki.com/Category:Lower_Guk,,2026-07-28,,,,Yes,Partial / conflicting,Unverified lead,No,D,Meaningful current or historical lead without enough support for active promotion.,Probability unresolved,,,,Unverified current Wiki / inherited classic evidence,,EQL-LOOT-1.0,research,Quarantined,,B24A-LIVE-RES-009,,,No,Yes,Quarantined research record; hidden from default loot results.,,,,,,,,,,,,,,,,,,,Open-world indoor dungeon,,,,,,,,,,,,,,,,,,,,,,,,,,,,,,,,,Open World,Open World,,,,,,,,,,,,,,,,,,,,,,,,,,,,,,,,,,,,,,,,,,,,,,,,,,,,,,,,,,,,,,,,,,,,No,,,,,,,,,,,,,,,,,,,,Available,Lower Guk live-side content group; undead side excluded,,,,Confirmed,Unconfirmed,,,,,,B24A-LGUK-LIVE,
59,B24A-LIVE-RES-010,24A,Antonica,Lower Guk,The Idol current drop availability,,,,,,,,,,,,,,,,,,,,,,,,,,,,,,,,,,,,,,,,,,,,,,Zone subdivision-specific,Supplemental,Low,https://eqlwiki.com/Category:Lower_Guk,https://wiki.project1999.com/Ruins_of_Old_Guk,Verify current Raster-to-The Idol relationship.,Yes,1,,,,,,,Unresolved; direct-build or stronger current evidence required,Quarantine,,,,,,,,,,https://eqlwiki.com/Category:Lower_Guk,,2026-07-28,,,,Yes,Partial / conflicting,Unverified lead,No,D,Meaningful current or historical lead without enough support for active promotion.,Drop unresolved,,,,Unverified current Wiki / inherited classic evidence,,EQL-LOOT-1.0,research,Quarantined,,B24A-LIVE-RES-010,,,No,Yes,Quarantined research record; hidden from default loot results.,,,,,,,,,,,,,,,,,,,Open-world indoor dungeon,,,,,,,,,,,,,,,,,,,,,,,,,,,,,,,,,Open World,Open World,,,,,,,,,,,,,,,,,,,,,,,,,,,,,,,,,,,,,,,,,,,,,,,,,,,,,,,,,,,,,,,,,,,,No,,,,,,,,,,,,,,,,,,,,Available,Lower Guk live-side content group; undead side excluded,,,,Confirmed,Unconfirmed,,,,,,B24A-LGUK-LIVE,
60,B24A-LIVE-RES-011,24A,Antonica,Lower Guk,Monk quest current availability,,,,,,,,,,,,,,,,,,,,,,,,,,,,,,,,,,,,,,,,,,,,,,Zone subdivision-specific,Supplemental,Low,https://eqlwiki.com/Category:Lower_Guk,https://wiki.project1999.com/Ruins_of_Old_Guk,Verify Monks of the Whistling Fist implementation.,Yes,1,,,,,,,Unresolved; direct-build or stronger current evidence required,Quarantine,,,,,,,,,,https://eqlwiki.com/Category:Lower_Guk,,2026-07-28,,,,Yes,Partial / conflicting,Unverified lead,No,D,Meaningful current or historical lead without enough support for active promotion.,Quest availability,,,,Unverified current Wiki / inherited classic evidence,,EQL-LOOT-1.0,research,Quarantined,,B24A-LIVE-RES-011,,,No,Yes,Quarantined research record; hidden from default loot results.,,,,,,,,,,,,,,,,,,,Open-world indoor dungeon,,,,,,,,,,,,,,,,,,,,,,,,,,,,,,,,,Open World,Open World,,,,,,,,,,,,,,,,,,,,,,,,,,,,,,,,,,,,,,,,,,,,,,,,,,,,,,,,,,,,,,,,,,,,No,,,,,,,,,,,,,,,,,,,,Available,Lower Guk live-side content group; undead side excluded,,,,Confirmed,Unconfirmed,,,,,,B24A-LGUK-LIVE,
61,B24A-LIVE-RES-012,24A,Antonica,Lower Guk,Slaythe current implementation,,,,,,,,,,,,,,,,,,,,,,,,,,,,,,,,,,,,,,,,,,,,,,Zone subdivision-specific,Supplemental,Low,https://eqlwiki.com/Category:Lower_Guk,https://wiki.project1999.com/Ruins_of_Old_Guk,Verify current spawn and placement north of the jail.,Yes,1,,,,,,,Unresolved; direct-build or stronger current evidence required,Quarantine,,,,,,,,,,https://eqlwiki.com/Category:Lower_Guk,,2026-07-28,,,,Yes,Partial / conflicting,Unverified lead,No,D,Meaningful current or historical lead without enough support for active promotion.,Implementation unresolved,,,,Unverified current Wiki / inherited classic evidence,,EQL-LOOT-1.0,research,Quarantined,,B24A-LIVE-RES-012,,,No,Yes,Quarantined research record; hidden from default loot results.,,,,,,,,,,,,,,,,,,,Open-world indoor dungeon,,,,,,,,,,,,,,,,,,,,,,,,,,,,,,,,,Open World,Open World,,,,,,,,,,,,,,,,,,,,,,,,,,,,,,,,,,,,,,,,,,,,,,,,,,,,,,,,,,,,,,,,,,,,No,,,,,,,,,,,,,,,,,,,,Available,Lower Guk live-side content group; undead side excluded,,,,Confirmed,Unconfirmed,,,,,,B24A-LGUK-LIVE,
62,B24A-LIVE-RES-013,24A,Antonica,Lower Guk,Broken Bow Part B current source,,,,,,,,,,,,,,,,,,,,,,,,,,,,,,,,,,,,,,,,,,,,,,Zone subdivision-specific,Supplemental,Low,https://eqlwiki.com/Category:Lower_Guk,https://wiki.project1999.com/Ruins_of_Old_Guk,Verify current Slaythe source relationship and quest availability.,Yes,1,,,,,,,Unresolved; direct-build or stronger current evidence required,Quarantine,,,,,,,,,,https://eqlwiki.com/Category:Lower_Guk,,2026-07-28,,,,Yes,Partial / conflicting,Unverified lead,No,D,Meaningful current or historical lead without enough support for active promotion.,Source unresolved,,,,Unverified current Wiki / inherited classic evidence,,EQL-LOOT-1.0,research,Quarantined,,B24A-LIVE-RES-013,,,No,Yes,Quarantined research record; hidden from default loot results.,,,,,,,,,,,,,,,,,,,Open-world indoor dungeon,,,,,,,,,,,,,,,,,,,,,,,,,,,,,,,,,Open World,Open World,,,,,,,,,,,,,,,,,,,,,,,,,,,,,,,,,,,,,,,,,,,,,,,,,,,,,,,,,,,,,,,,,,,,No,,,,,,,,,,,,,,,,,,,,Available,Lower Guk live-side content group; undead side excluded,,,,Confirmed,Unconfirmed,,,,,,B24A-LGUK-LIVE,
63,B24A-LIVE-RES-014,24A,Antonica,Lower Guk,Froglok Noble current encounter,,,,,,,,,,,,,,,,,,,,,,,,,,,,,,,,,,,,,,,,,,,,,,Zone subdivision-specific,Supplemental,Low,https://eqlwiki.com/Category:Lower_Guk,https://wiki.project1999.com/Ruins_of_Old_Guk,"Verify Noble level, class, timer, and placeholder.",Yes,1,,,,,,,Unresolved; direct-build or stronger current evidence required,Quarantine,,,,,,,,,,https://eqlwiki.com/Category:Lower_Guk,,2026-07-28,,,,Yes,Partial / conflicting,Unverified lead,No,D,Meaningful current or historical lead without enough support for active promotion.,Encounter unresolved,,,,Unverified current Wiki / inherited classic evidence,,EQL-LOOT-1.0,research,Quarantined,,B24A-LIVE-RES-014,,,No,Yes,Quarantined research record; hidden from default loot results.,,,,,,,,,,,,,,,,,,,Open-world indoor dungeon,,,,,,,,,,,,,,,,,,,,,,,,,,,,,,,,,Open World,Open World,,,,,,,,,,,,,,,,,,,,,,,,,,,,,,,,,,,,,,,,,,,,,,,,,,,,,,,,,,,,,,,,,,,,No,,,,,,,,,,,,,,,,,,,,Available,Lower Guk live-side content group; undead side excluded,,,,Confirmed,Unconfirmed,,,,,,B24A-LGUK-LIVE,
64,B24A-LIVE-RES-015,24A,Antonica,Lower Guk,White Gold Necklace complete fields,,,,,,,,,,,,,,,,,,,,,,,,,,,,,,,,,,,,,,,,,,,,,,Zone subdivision-specific,Supplemental,Low,https://eqlwiki.com/Category:Lower_Guk,https://wiki.project1999.com/Ruins_of_Old_Guk,"Complete current item stats, focus, classes, races, weight, and size.",Yes,1,,,,,,,Unresolved; direct-build or stronger current evidence required,Quarantine,,,,,,,,,,https://eqlwiki.com/Category:Lower_Guk,,2026-07-28,,,,Yes,Partial / conflicting,Unverified lead,No,D,Meaningful current or historical lead without enough support for active promotion.,Incomplete equippable data,,,,Unverified current Wiki / inherited classic evidence,,EQL-LOOT-1.0,research,Quarantined,,B24A-LIVE-RES-015,,,No,Yes,Quarantined research record; hidden from default loot results.,,,,,,,,,,,,,,,,,,,Open-world indoor dungeon,,,,,,,,,,,,,,,,,,,,,,,,,,,,,,,,,Open World,Open World,,,,,,,,,,,,,,,,,,,,,,,,,,,,,,,,,,,,,,,,,,,,,,,,,,,,,,,,,,,,,,,,,,,,No,,,,,,,,,,,,,,,,,,,,Available,Lower Guk live-side content group; undead side excluded,,,,Confirmed,Unconfirmed,,,,,,B24A-LGUK-LIVE,
65,B24A-LIVE-RES-016,24A,Antonica,Lower Guk,Gilded Cloth current source and purpose,,,,,,,,,,,,,,,,,,,,,,,,,,,,,,,,,,,,,,,,,,,,,,Zone subdivision-specific,Supplemental,Low,https://eqlwiki.com/Category:Lower_Guk,https://wiki.project1999.com/Ruins_of_Old_Guk,Verify current Noble source and active quest or tradeskill role.,Yes,1,,,,,,,Unresolved; direct-build or stronger current evidence required,Quarantine,,,,,,,,,,https://eqlwiki.com/Category:Lower_Guk,,2026-07-28,,,,Yes,Partial / conflicting,Unverified lead,No,D,Meaningful current or historical lead without enough support for active promotion.,Source unresolved,,,,Unverified current Wiki / inherited classic evidence,,EQL-LOOT-1.0,research,Quarantined,,B24A-LIVE-RES-016,,,No,Yes,Quarantined research record; hidden from default loot results.,,,,,,,,,,,,,,,,,,,Open-world indoor dungeon,,,,,,,,,,,,,,,,,,,,,,,,,,,,,,,,,Open World,Open World,,,,,,,,,,,,,,,,,,,,,,,,,,,,,,,,,,,,,,,,,,,,,,,,,,,,,,,,,,,,,,,,,,,,No,,,,,,,,,,,,,,,,,,,,Available,Lower Guk live-side content group; undead side excluded,,,,Confirmed,Unconfirmed,,,,,,B24A-LGUK-LIVE,
66,B24A-LIVE-RES-017,24A,Antonica,Lower Guk,Froglok Crusader timer and placeholder,,,,,,,,,,,,,,,,,,,,,,,,,,,,,,,,,,,,,,,,,,,,,,Zone subdivision-specific,Supplemental,Low,https://eqlwiki.com/Category:Lower_Guk,https://wiki.project1999.com/Ruins_of_Old_Guk,Verify current spawn-cycle details.,Yes,1,,,,,,,Unresolved; direct-build or stronger current evidence required,Quarantine,,,,,,,,,,https://eqlwiki.com/Category:Lower_Guk,,2026-07-28,,,,Yes,Partial / conflicting,Unverified lead,No,D,Meaningful current or historical lead without enough support for active promotion.,Spawn unresolved,,,,Unverified current Wiki / inherited classic evidence,,EQL-LOOT-1.0,research,Quarantined,,B24A-LIVE-RES-017,,,No,Yes,Quarantined research record; hidden from default loot results.,,,,,,,,,,,,,,,,,,,Open-world indoor dungeon,,,,,,,,,,,,,,,,,,,,,,,,,,,,,,,,,Open World,Open World,,,,,,,,,,,,,,,,,,,,,,,,,,,,,,,,,,,,,,,,,,,,,,,,,,,,,,,,,,,,,,,,,,,,No,,,,,,,,,,,,,,,,,,,,Available,Lower Guk live-side content group; undead side excluded,,,,Confirmed,Unconfirmed,,,,,,B24A-LGUK-LIVE,
67,B24A-LIVE-RES-018,24A,Antonica,Lower Guk,Runed Falchion complete current fields,,,,,,,,,,,,,,,,,,,,,,,,,,,,,,,,,,,,,,,,,,,,,,Zone subdivision-specific,Supplemental,Low,https://eqlwiki.com/Category:Lower_Guk,https://wiki.project1999.com/Ruins_of_Old_Guk,Complete item block and exact current Crusader source.,Yes,1,,,,,,,Unresolved; direct-build or stronger current evidence required,Quarantine,,,,,,,,,,https://eqlwiki.com/Category:Lower_Guk,,2026-07-28,,,,Yes,Partial / conflicting,Unverified lead,No,D,Meaningful current or historical lead without enough support for active promotion.,Incomplete equippable data,,,,Unverified current Wiki / inherited classic evidence,,EQL-LOOT-1.0,research,Quarantined,,B24A-LIVE-RES-018,,,No,Yes,Quarantined research record; hidden from default loot results.,,,,,,,,,,,,,,,,,,,Open-world indoor dungeon,,,,,,,,,,,,,,,,,,,,,,,,,,,,,,,,,Open World,Open World,,,,,,,,,,,,,,,,,,,,,,,,,,,,,,,,,,,,,,,,,,,,,,,,,,,,,,,,,,,,,,,,,,,,No,,,,,,,,,,,,,,,,,,,,Available,Lower Guk live-side content group; undead side excluded,,,,Confirmed,Unconfirmed,,,,,,B24A-LGUK-LIVE,
68,B24A-LIVE-RES-019,24A,Antonica,Lower Guk,Froglok Herbalist timer and placeholder,,,,,,,,,,,,,,,,,,,,,,,,,,,,,,,,,,,,,,,,,,,,,,Zone subdivision-specific,Supplemental,Low,https://eqlwiki.com/Category:Lower_Guk,https://wiki.project1999.com/Ruins_of_Old_Guk,Verify current encounter mechanics.,Yes,1,,,,,,,Unresolved; direct-build or stronger current evidence required,Quarantine,,,,,,,,,,https://eqlwiki.com/Category:Lower_Guk,,2026-07-28,,,,Yes,Partial / conflicting,Unverified lead,No,D,Meaningful current or historical lead without enough support for active promotion.,Spawn unresolved,,,,Unverified current Wiki / inherited classic evidence,,EQL-LOOT-1.0,research,Quarantined,,B24A-LIVE-RES-019,,,No,Yes,Quarantined research record; hidden from default loot results.,,,,,,,,,,,,,,,,,,,Open-world indoor dungeon,,,,,,,,,,,,,,,,,,,,,,,,,,,,,,,,,Open World,Open World,,,,,,,,,,,,,,,,,,,,,,,,,,,,,,,,,,,,,,,,,,,,,,,,,,,,,,,,,,,,,,,,,,,,No,,,,,,,,,,,,,,,,,,,,Available,Lower Guk live-side content group; undead side excluded,,,,Confirmed,Unconfirmed,,,,,,B24A-LGUK-LIVE,
69,B24A-LIVE-RES-020,24A,Antonica,Lower Guk,Mithril Frog Totem complete current fields,,,,,,,,,,,,,,,,,,,,,,,,,,,,,,,,,,,,,,,,,,,,,,Zone subdivision-specific,Supplemental,Low,https://eqlwiki.com/Category:Lower_Guk,https://wiki.project1999.com/Ruins_of_Old_Guk,"Complete item block, effects, restrictions, and exact source.",Yes,1,,,,,,,Unresolved; direct-build or stronger current evidence required,Quarantine,,,,,,,,,,https://eqlwiki.com/Category:Lower_Guk,,2026-07-28,,,,Yes,Partial / conflicting,Unverified lead,No,D,Meaningful current or historical lead without enough support for active promotion.,Incomplete equippable data,,,,Unverified current Wiki / inherited classic evidence,,EQL-LOOT-1.0,research,Quarantined,,B24A-LIVE-RES-020,,,No,Yes,Quarantined research record; hidden from default loot results.,,,,,,,,,,,,,,,,,,,Open-world indoor dungeon,,,,,,,,,,,,,,,,,,,,,,,,,,,,,,,,,Open World,Open World,,,,,,,,,,,,,,,,,,,,,,,,,,,,,,,,,,,,,,,,,,,,,,,,,,,,,,,,,,,,,,,,,,,,No,,,,,,,,,,,,,,,,,,,,Available,Lower Guk live-side content group; undead side excluded,,,,Confirmed,Unconfirmed,,,,,,B24A-LGUK-LIVE,
70,B24A-LIVE-RES-021,24A,Antonica,Lower Guk,Shimmering White Shroud complete current fields,,,,,,,,,,,,,,,,,,,,,,,,,,,,,,,,,,,,,,,,,,,,,,Zone subdivision-specific,Supplemental,Low,https://eqlwiki.com/Category:Lower_Guk,https://wiki.project1999.com/Ruins_of_Old_Guk,"Complete item block, focus effect, restrictions, and exact source.",Yes,1,,,,,,,Unresolved; direct-build or stronger current evidence required,Quarantine,,,,,,,,,,https://eqlwiki.com/Category:Lower_Guk,,2026-07-28,,,,Yes,Partial / conflicting,Unverified lead,No,D,Meaningful current or historical lead without enough support for active promotion.,Incomplete equippable data,,,,Unverified current Wiki / inherited classic evidence,,EQL-LOOT-1.0,research,Quarantined,,B24A-LIVE-RES-021,,,No,Yes,Quarantined research record; hidden from default loot results.,,,,,,,,,,,,,,,,,,,Open-world indoor dungeon,,,,,,,,,,,,,,,,,,,,,,,,,,,,,,,,,Open World,Open World,,,,,,,,,,,,,,,,,,,,,,,,,,,,,,,,,,,,,,,,,,,,,,,,,,,,,,,,,,,,,,,,,,,,No,,,,,,,,,,,,,,,,,,,,Available,Lower Guk live-side content group; undead side excluded,,,,Confirmed,Unconfirmed,,,,,,B24A-LGUK-LIVE,
71,B24A-LIVE-RES-022,24A,Antonica,Lower Guk,Froglok Tactician placeholder,,,,,,,,,,,,,,,,,,,,,,,,,,,,,,,,,,,,,,,,,,,,,,Zone subdivision-specific,Supplemental,Low,https://eqlwiki.com/Category:Lower_Guk,https://wiki.project1999.com/Ruins_of_Old_Guk,Resolve the Tactician relationship within the King-room guard cycle.,Yes,1,,,,,,,Unresolved; direct-build or stronger current evidence required,Quarantine,,,,,,,,,,https://eqlwiki.com/Category:Lower_Guk,,2026-07-28,,,,Yes,Partial / conflicting,Unverified lead,No,D,Meaningful current or historical lead without enough support for active promotion.,Spawn unresolved,,,,Unverified current Wiki / inherited classic evidence,,EQL-LOOT-1.0,research,Quarantined,,B24A-LIVE-RES-022,,,No,Yes,Quarantined research record; hidden from default loot results.,,,,,,,,,,,,,,,,,,,Open-world indoor dungeon,,,,,,,,,,,,,,,,,,,,,,,,,,,,,,,,,Open World,Open World,,,,,,,,,,,,,,,,,,,,,,,,,,,,,,,,,,,,,,,,,,,,,,,,,,,,,,,,,,,,,,,,,,,,No,,,,,,,,,,,,,,,,,,,,Available,Lower Guk live-side content group; undead side excluded,,,,Confirmed,Unconfirmed,,,,,,B24A-LGUK-LIVE,
72,B24A-LIVE-RES-023,24A,Antonica,Lower Guk,Black Tome with Silver Runes complete fields,,,,,,,,,,,,,,,,,,,,,,,,,,,,,,,,,,,,,,,,,,,,,,Zone subdivision-specific,Supplemental,Low,https://eqlwiki.com/Category:Lower_Guk,https://wiki.project1999.com/Ruins_of_Old_Guk,Complete current item block and exact Tactician source.,Yes,1,,,,,,,Unresolved; direct-build or stronger current evidence required,Quarantine,,,,,,,,,,https://eqlwiki.com/Category:Lower_Guk,,2026-07-28,,,,Yes,Partial / conflicting,Unverified lead,No,D,Meaningful current or historical lead without enough support for active promotion.,Incomplete equippable data,,,,Unverified current Wiki / inherited classic evidence,,EQL-LOOT-1.0,research,Quarantined,,B24A-LIVE-RES-023,,,No,Yes,Quarantined research record; hidden from default loot results.,,,,,,,,,,,,,,,,,,,Open-world indoor dungeon,,,,,,,,,,,,,,,,,,,,,,,,,,,,,,,,,Open World,Open World,,,,,,,,,,,,,,,,,,,,,,,,,,,,,,,,,,,,,,,,,,,,,,,,,,,,,,,,,,,,,,,,,,,,No,,,,,,,,,,,,,,,,,,,,Available,Lower Guk live-side content group; undead side excluded,,,,Confirmed,Unconfirmed,,,,,,B24A-LGUK-LIVE,
73,B24A-LIVE-RES-024,24A,Antonica,Lower Guk,Platinum Tiara complete fields,,,,,,,,,,,,,,,,,,,,,,,,,,,,,,,,,,,,,,,,,,,,,,Zone subdivision-specific,Supplemental,Low,https://eqlwiki.com/Category:Lower_Guk,https://wiki.project1999.com/Ruins_of_Old_Guk,"Complete current item block, focus effect, and exact Tactician source.",Yes,1,,,,,,,Unresolved; direct-build or stronger current evidence required,Quarantine,,,,,,,,,,https://eqlwiki.com/Category:Lower_Guk,,2026-07-28,,,,Yes,Partial / conflicting,Unverified lead,No,D,Meaningful current or historical lead without enough support for active promotion.,Incomplete equippable data,,,,Unverified current Wiki / inherited classic evidence,,EQL-LOOT-1.0,research,Quarantined,,B24A-LIVE-RES-024,,,No,Yes,Quarantined research record; hidden from default loot results.,,,,,,,,,,,,,,,,,,,Open-world indoor dungeon,,,,,,,,,,,,,,,,,,,,,,,,,,,,,,,,,Open World,Open World,,,,,,,,,,,,,,,,,,,,,,,,,,,,,,,,,,,,,,,,,,,,,,,,,,,,,,,,,,,,,,,,,,,,No,,,,,,,,,,,,,,,,,,,,Available,Lower Guk live-side content group; undead side excluded,,,,Confirmed,Unconfirmed,,,,,,B24A-LGUK-LIVE,
74,B24A-LIVE-RES-025,24A,Antonica,Lower Guk,Bag of Sewn Evil-Eye guaranteed claim,,,,,,,,,,,,,,,,,,,,,,,,,,,,,,,,,,,,,,,,,,,,,,Zone subdivision-specific,Supplemental,Low,https://eqlwiki.com/Category:Lower_Guk,https://wiki.project1999.com/Ruins_of_Old_Guk,Verify whether the bag is truly guaranteed in current EQL.,Yes,1,,,,,,,Unresolved; direct-build or stronger current evidence required,Quarantine,,,,,,,,,,https://eqlwiki.com/Category:Lower_Guk,,2026-07-28,,,,Yes,Partial / conflicting,Unverified lead,No,D,Meaningful current or historical lead without enough support for active promotion.,Drop-rate unresolved,,,,Unverified current Wiki / inherited classic evidence,,EQL-LOOT-1.0,research,Quarantined,,B24A-LIVE-RES-025,,,No,Yes,Quarantined research record; hidden from default loot results.,,,,,,,,,,,,,,,,,,,Open-world indoor dungeon,,,,,,,,,,,,,,,,,,,,,,,,,,,,,,,,,Open World,Open World,,,,,,,,,,,,,,,,,,,,,,,,,,,,,,,,,,,,,,,,,,,,,,,,,,,,,,,,,,,,,,,,,,,,No,,,,,,,,,,,,,,,,,,,,Available,Lower Guk live-side content group; undead side excluded,,,,Confirmed,Unconfirmed,,,,,,B24A-LGUK-LIVE,
75,B24A-LIVE-RES-026,24A,Antonica,Lower Guk,Evil Eye component quest relevance,,,,,,,,,,,,,,,,,,,,,,,,,,,,,,,,,,,,,,,,,,,,,,Zone subdivision-specific,Supplemental,Low,https://eqlwiki.com/Category:Lower_Guk,https://wiki.project1999.com/Ruins_of_Old_Guk,Verify current uses of eyestalks and optic nerves.,Yes,1,,,,,,,Unresolved; direct-build or stronger current evidence required,Quarantine,,,,,,,,,,https://eqlwiki.com/Category:Lower_Guk,,2026-07-28,,,,Yes,Partial / conflicting,Unverified lead,No,D,Meaningful current or historical lead without enough support for active promotion.,Quest relevance,,,,Unverified current Wiki / inherited classic evidence,,EQL-LOOT-1.0,research,Quarantined,,B24A-LIVE-RES-026,,,No,Yes,Quarantined research record; hidden from default loot results.,,,,,,,,,,,,,,,,,,,Open-world indoor dungeon,,,,,,,,,,,,,,,,,,,,,,,,,,,,,,,,,Open World,Open World,,,,,,,,,,,,,,,,,,,,,,,,,,,,,,,,,,,,,,,,,,,,,,,,,,,,,,,,,,,,,,,,,,,,No,,,,,,,,,,,,,,,,,,,,Available,Lower Guk live-side content group; undead side excluded,,,,Confirmed,Unconfirmed,,,,,,B24A-LGUK-LIVE,
76,B24A-LIVE-RES-027,24A,Antonica,Lower Guk,Froglok King Lay on Hands,,,,,,,,,,,,,,,,,,,,,,,,,,,,,,,,,,,,,,,,,,,,,,Zone subdivision-specific,Supplemental,Low,https://eqlwiki.com/Category:Lower_Guk,https://wiki.project1999.com/Ruins_of_Old_Guk,Verify current healing and Lay on Hands behavior.,Yes,1,,,,,,,Unresolved; direct-build or stronger current evidence required,Quarantine,,,,,,,,,,https://eqlwiki.com/Category:Lower_Guk,,2026-07-28,,,,Yes,Partial / conflicting,Unverified lead,No,D,Meaningful current or historical lead without enough support for active promotion.,Combat mechanics,,,,Unverified current Wiki / inherited classic evidence,,EQL-LOOT-1.0,research,Quarantined,,B24A-LIVE-RES-027,,,No,Yes,Quarantined research record; hidden from default loot results.,,,,,,,,,,,,,,,,,,,Open-world indoor dungeon,,,,,,,,,,,,,,,,,,,,,,,,,,,,,,,,,Open World,Open World,,,,,,,,,,,,,,,,,,,,,,,,,,,,,,,,,,,,,,,,,,,,,,,,,,,,,,,,,,,,,,,,,,,,No,,,,,,,,,,,,,,,,,,,,Available,Lower Guk live-side content group; undead side excluded,,,,Confirmed,Unconfirmed,,,,,,B24A-LGUK-LIVE,
77,B24A-LIVE-RES-028,24A,Antonica,Lower Guk,Froglok King listed 20% value,,,,,,,,,,,,,,,,,,,,,,,,,,,,,,,,,,,,,,,,,,,,,,Zone subdivision-specific,Supplemental,Low,https://eqlwiki.com/Category:Lower_Guk,https://wiki.project1999.com/Ruins_of_Old_Guk,Determine whether the listed value is a true current spawn probability.,Yes,1,,,,,,,Unresolved; direct-build or stronger current evidence required,Quarantine,,,,,,,,,,https://eqlwiki.com/Category:Lower_Guk,,2026-07-28,,,,Yes,Partial / conflicting,Unverified lead,No,D,Meaningful current or historical lead without enough support for active promotion.,Probability unresolved,,,,Unverified current Wiki / inherited classic evidence,,EQL-LOOT-1.0,research,Quarantined,,B24A-LIVE-RES-028,,,No,Yes,Quarantined research record; hidden from default loot results.,,,,,,,,,,,,,,,,,,,Open-world indoor dungeon,,,,,,,,,,,,,,,,,,,,,,,,,,,,,,,,,Open World,Open World,,,,,,,,,,,,,,,,,,,,,,,,,,,,,,,,,,,,,,,,,,,,,,,,,,,,,,,,,,,,,,,,,,,,No,,,,,,,,,,,,,,,,,,,,Available,Lower Guk live-side content group; undead side excluded,,,,Confirmed,Unconfirmed,,,,,,B24A-LGUK-LIVE,
78,B24A-LIVE-RES-029,24A,Antonica,Lower Guk,Huge Water Elemental current behavior,,,,,,,,,,,,,,,,,,,,,,,,,,,,,,,,,,,,,,,,,,,,,,Zone subdivision-specific,Supplemental,Low,https://eqlwiki.com/Category:Lower_Guk,https://wiki.project1999.com/Ruins_of_Old_Guk,"Verify faction, aggression, See Invisible, social assist, and loot.",Yes,1,,,,,,,Unresolved; direct-build or stronger current evidence required,Quarantine,,,,,,,,,,https://eqlwiki.com/Category:Lower_Guk,,2026-07-28,,,,Yes,Partial / conflicting,Unverified lead,No,D,Meaningful current or historical lead without enough support for active promotion.,Behavior unresolved,,,,Unverified current Wiki / inherited classic evidence,,EQL-LOOT-1.0,research,Quarantined,,B24A-LIVE-RES-029,,,No,Yes,Quarantined research record; hidden from default loot results.,,,,,,,,,,,,,,,,,,,Open-world indoor dungeon,,,,,,,,,,,,,,,,,,,,,,,,,,,,,,,,,Open World,Open World,,,,,,,,,,,,,,,,,,,,,,,,,,,,,,,,,,,,,,,,,,,,,,,,,,,,,,,,,,,,,,,,,,,,No,,,,,,,,,,,,,,,,,,,,Available,Lower Guk live-side content group; undead side excluded,,,,Confirmed,Unconfirmed,,,,,,B24A-LGUK-LIVE,
79,B24A-LIVE-RES-030,24A,Antonica,Lower Guk,Current transitions and King escape,,,,,,,,,,,,,,,,,,,,,,,,,,,,,,,,,,,,,,,,,,,,,,Zone subdivision-specific,Supplemental,Low,https://eqlwiki.com/Category:Lower_Guk,https://wiki.project1999.com/Ruins_of_Old_Guk,"Verify live/dead routes, bridge/tower behavior, and one-way King escape.",Yes,1,,,,,,,Unresolved; direct-build or stronger current evidence required,Quarantine,,,,,,,,,,https://eqlwiki.com/Category:Lower_Guk,,2026-07-28,,,,Yes,Partial / conflicting,Unverified lead,No,D,Meaningful current or historical lead without enough support for active promotion.,Layout unresolved,,,,Unverified current Wiki / inherited classic evidence,,EQL-LOOT-1.0,research,Quarantined,,B24A-LIVE-RES-030,,,No,Yes,Quarantined research record; hidden from default loot results.,,,,,,,,,,,,,,,,,,,Open-world indoor dungeon,,,,,,,,,,,,,,,,,,,,,,,,,,,,,,,,,Open World,Open World,,,,,,,,,,,,,,,,,,,,,,,,,,,,,,,,,,,,,,,,,,,,,,,,,,,,,,,,,,,,,,,,,,,,No,,,,,,,,,,,,,,,,,,,,Available,Lower Guk live-side content group; undead side excluded,,,,Confirmed,Unconfirmed,,,,,,B24A-LGUK-LIVE,
